User ID,First Name,Last Name,Employment,Gender,Age,Time In,Time Out,Extension Duration
3745.0,Kathy,Lawrence,influencer,F,25-30,2023-10-03 12:57:52,2023-10-03 13:57:52,30.0
2100.0,Brian,Hodges,BPO,F,40-above,2023-10-03 07:31:37,2023-10-03 09:01:37,30.0
4768.0,Neil,Allen,feu,M,20-25,2023-10-03 01:04:07,2023-10-03 05:04:07,30.0
6190.0,Christopher,Wright,software engineer,M,15-20,2023-10-03 17:34:18,2023-10-03 20:34:18,150.0
,,,ust,M,15-20,2023-10-02 19:49:15,2023-10-02 23:49:15,
9090.0,Ashley,Martin,ust,F,40-above,2023-10-03 13:07:42,2023-10-03 17:07:42,60.0
8009.0,Candice,Holder,management,M,40-above,2023-10-02 21:36:36,2023-10-03 03:36:36,30.0
8846.0,Kylie,Vargas,BPO,M,40-above,2023-10-03 05:50:41,2023-10-03 07:20:41,30.0
8212.0,Jeffrey,Bowman,anon,M,25-30,2023-10-03 00:32:17,2023-10-03 02:02:17,30.0
6745.0,Craig,Schmidt,ust,M,25-30,2023-10-03 00:40:00,2023-10-03 02:10:00,30.0
5079.0,Joseph,Wagner,nurse,F,40-above,2023-10-03 17:44:13,2023-10-03 20:44:13,120.0
7535.0,Kathy,Thornton,ust,M,40-above,2023-10-03 14:20:17,2023-10-03 16:20:17,60.0
3337.0,Cathy,Thomas,anon,M,20-25,2023-10-03 05:51:53,2023-10-03 11:51:53,240.0
5821.0,John,Hayes,BPO,M,15-20,2023-10-02 19:06:50,2023-10-03 00:06:50,30.0
5833.0,Vicki,Wright,ust,M,20-25,2023-10-02 21:07:42,2023-10-03 00:07:42,90.0
1275.0,Troy,Chan,software engineer,M,20-25,2023-10-02 22:37:53,2023-10-03 02:37:53,120.0
4889.0,Thomas,Thomas,lawyer,M,15-20,2023-10-03 08:35:05,2023-10-03 10:05:05,30.0
8351.0,Raymond,Carter,ust,F,25-30,2023-10-03 00:36:00,2023-10-03 02:36:00,60.0
4100.0,Barbara,Peterson,tip,F,25-30,2023-10-03 16:47:36,2023-10-03 21:47:36,300.0
2909.0,Lisa,Phillips,anon,M,40-above,2023-10-03 08:31:59,2023-10-03 11:31:59,30.0
5809.0,Dana,Smith,anon,M,25-30,2023-10-03 09:05:28,2023-10-03 12:05:28,60.0
8309.0,Gina,Martinez,anon,M,15-20,2023-10-03 11:00:24,2023-10-03 15:00:24,60.0
8291.0,Steven,Hardy,tip,M,25-30,2023-10-03 11:44:42,2023-10-03 13:14:42,30.0
9184.0,Kyle,Orr,feu,F,40-above,2023-10-02 19:47:19,2023-10-02 20:47:19,30.0
,,,anon,F,15-20,2023-10-03 11:56:13,2023-10-03 15:56:13,
3568.0,Joseph,Smith,tip,M,20-25,2023-10-03 11:37:49,2023-10-03 16:37:49,90.0
7571.0,Sally,Garcia,anon,M,25-30,2023-10-02 19:48:07,2023-10-02 23:48:07,240.0
1468.0,Sarah,Burns,BPO,M,40-above,2023-10-03 15:04:57,2023-10-03 16:34:57,30.0
4676.0,Timothy,Davis,ust,M,15-20,2023-10-03 04:01:57,2023-10-03 05:31:57,30.0
9244.0,Stephen,Bryant,BPO,F,40-above,2023-10-03 18:03:50,2023-10-03 19:33:50,90.0
6422.0,Tracy,Bailey,anon,F,25-30,2023-10-03 07:15:16,2023-10-03 11:15:16,60.0
3300.0,Richard,Carlson,BPO,F,15-20,2023-10-02 22:38:39,2023-10-03 00:38:39,120.0
6244.0,Kayla,Cruz,ust,F,25-30,2023-10-03 16:32:40,2023-10-03 19:32:40,30.0
2877.0,Jane,Davis,nurse,M,20-25,2023-10-03 08:32:51,2023-10-03 09:32:51,60.0
3786.0,Ashley,Marsh,anon,F,15-20,2023-10-03 08:42:48,2023-10-03 12:42:48,30.0
5401.0,Jack,Thompson,ust,F,15-20,2023-10-02 23:50:44,2023-10-03 02:50:44,30.0
5388.0,Pamela,Ramirez,feu,M,20-25,2023-10-03 02:37:23,2023-10-03 06:37:23,30.0
7428.0,Katie,Williams,lawyer,F,25-30,2023-10-03 01:53:34,2023-10-03 05:53:34,30.0
1803.0,Thomas,Aguilar,anon,F,25-30,2023-10-03 02:29:10,2023-10-03 07:29:10,120.0
6999.0,Alexander,Gilbert,BPO,F,25-30,2023-10-03 17:40:43,2023-10-03 21:40:43,180.0
5874.0,Brad,Hoffman,ust,F,40-above,2023-10-03 08:02:17,2023-10-03 10:02:17,60.0
4538.0,Arthur,Foster,adu,M,20-25,2023-10-02 22:07:40,2023-10-03 00:07:40,30.0
9773.0,Scott,Vasquez,influencer,F,40-above,2023-10-03 07:58:48,2023-10-03 11:58:48,120.0
9435.0,James,Williams,influencer,M,40-above,2023-10-03 14:38:42,2023-10-03 19:38:42,30.0
9086.0,Devon,Cox,software engineer,M,20-25,2023-10-03 13:38:01,2023-10-03 17:38:01,30.0
9305.0,Jordan,Harris,teacher,M,25-30,2023-10-03 02:30:44,2023-10-03 07:30:44,240.0
8225.0,Shannon,Mckay,teacher,F,25-30,2023-10-03 08:48:07,2023-10-03 13:48:07,90.0
8224.0,Nicole,Barker,lawyer,F,25-30,2023-10-02 20:01:49,2023-10-03 01:01:49,60.0
8219.0,Dawn,Gutierrez,software engineer,M,40-above,2023-10-03 02:27:37,2023-10-03 03:57:37,30.0
5498.0,Julia,Harris,software engineer,M,25-30,2023-10-02 22:09:24,2023-10-03 01:09:24,30.0
7897.0,Michael,Kelly,anon,F,40-above,2023-10-03 03:51:57,2023-10-03 07:51:57,120.0
2348.0,Sarah,Rodriguez,ust,M,25-30,2023-10-03 13:13:46,2023-10-03 14:13:46,30.0
1291.0,Brad,Brown,BPO,M,20-25,2023-10-03 08:37:50,2023-10-03 12:37:50,30.0
4438.0,Stephen,Robertson,management,F,25-30,2023-10-03 15:02:55,2023-10-03 17:02:55,30.0
7782.0,Garrett,Burgess,anon,F,40-above,2023-10-03 12:38:15,2023-10-03 17:38:15,60.0
3707.0,Sara,Hodge,anon,M,40-above,2023-10-02 21:41:45,2023-10-03 01:41:45,30.0
6213.0,Matthew,Doyle,nurse,M,20-25,2023-10-03 08:13:52,2023-10-03 11:13:52,30.0
5350.0,Jessica,Welch,ust,F,40-above,2023-10-03 10:58:14,2023-10-03 14:58:14,60.0
4831.0,Amy,Haas,lawyer,M,20-25,2023-10-03 06:44:12,2023-10-03 09:44:12,30.0
2388.0,Wendy,Rasmussen,ust,M,15-20,2023-10-03 04:55:17,2023-10-03 07:55:17,30.0
6644.0,Marcus,Freeman,ust,F,20-25,2023-10-03 07:44:41,2023-10-03 10:44:41,30.0
2544.0,Elizabeth,Barnes,lawyer,M,25-30,2023-10-03 17:45:32,2023-10-03 19:45:32,60.0
8975.0,Cathy,Farley,software engineer,M,20-25,2023-10-03 15:20:39,2023-10-03 19:20:39,180.0
,,,lawyer,M,20-25,2023-10-03 01:46:30,2023-10-03 05:46:30,
8909.0,Bruce,Duncan,teacher,F,25-30,2023-10-03 04:05:56,2023-10-03 05:35:56,60.0
2814.0,Michael,Johnson,ust,M,25-30,2023-10-02 19:58:35,2023-10-03 00:58:35,60.0
9795.0,Michael,Blanchard,anon,M,15-20,2023-10-03 00:29:49,2023-10-03 03:29:49,150.0
3651.0,Jocelyn,Meza,anon,M,20-25,2023-10-03 07:03:36,2023-10-03 10:03:36,30.0
5003.0,Sara,Gutierrez,ust,F,40-above,2023-10-03 09:25:17,2023-10-03 14:25:17,120.0
3278.0,Rhonda,Gomez,BPO,M,15-20,2023-10-03 11:33:38,2023-10-03 15:33:38,30.0
4396.0,Tammy,Smith,BPO,F,25-30,2023-10-03 02:48:33,2023-10-03 06:48:33,30.0
7767.0,Keith,Wong,ust,M,25-30,2023-10-03 04:28:59,2023-10-03 06:28:59,120.0
9997.0,Travis,Lopez,BPO,M,15-20,2023-10-03 00:58:35,2023-10-03 02:58:35,30.0
5788.0,Donna,Davis,anon,M,40-above,2023-10-02 19:31:57,2023-10-02 22:31:57,120.0
1766.0,Austin,Escobar,doctor,M,20-25,2023-10-03 17:57:12,2023-10-03 21:57:12,60.0
4801.0,Rachel,Wheeler,BPO,F,20-25,2023-10-03 10:50:35,2023-10-03 12:20:35,30.0
3168.0,Mark,Smith,teacher,F,40-above,2023-10-02 23:50:26,2023-10-03 04:50:26,120.0
7107.0,Michael,Scott,ust,M,20-25,2023-10-03 17:17:28,2023-10-03 19:17:28,30.0
8728.0,Seth,Bell,anon,F,40-above,2023-10-03 14:02:16,2023-10-03 17:02:16,30.0
5663.0,Patrick,Holloway,BPO,M,25-30,2023-10-03 06:11:10,2023-10-03 09:11:10,30.0
1425.0,Melissa,Bell,tip,F,40-above,2023-10-02 20:13:12,2023-10-03 01:13:12,60.0
9583.0,Isaac,Houston,BPO,M,25-30,2023-10-03 16:25:06,2023-10-03 17:55:06,30.0
1110.0,Ryan,West,ust,F,20-25,2023-10-02 22:24:59,2023-10-03 02:24:59,60.0
8173.0,Laura,Matthews,tip,M,20-25,2023-10-03 05:38:23,2023-10-03 07:08:23,90.0
5579.0,Amy,Hernandez,software engineer,F,40-above,2023-10-03 17:11:43,2023-10-03 21:11:43,90.0
2127.0,Rachel,Miller,adu,F,25-30,2023-10-03 16:27:01,2023-10-03 19:27:01,30.0
,,,ust,M,40-above,2023-10-03 04:16:30,2023-10-03 09:16:30,
5892.0,Michelle,Green,tip,M,20-25,2023-10-03 18:21:14,2023-10-03 22:21:14,60.0
4563.0,Michelle,Chavez,ust,F,25-30,2023-10-02 21:03:42,2023-10-03 00:03:42,30.0
9042.0,Michelle,Campbell,ust,F,25-30,2023-10-03 09:34:19,2023-10-03 12:34:19,30.0
7815.0,Andrea,Dunn,BPO,F,25-30,2023-10-02 21:58:11,2023-10-03 00:58:11,90.0
2558.0,Michael,Johnson,teacher,M,20-25,2023-10-02 21:22:48,2023-10-03 02:22:48,180.0
2586.0,Rebecca,Francis,teacher,M,25-30,2023-10-03 03:26:50,2023-10-03 05:26:50,120.0
6724.0,Mitchell,Carey,nurse,F,15-20,2023-10-03 03:43:20,2023-10-03 08:43:20,30.0
9386.0,Carolyn,Martinez,nurse,F,20-25,2023-10-02 23:21:10,2023-10-03 00:21:10,30.0
4104.0,Jenna,Butler,ust,F,25-30,2023-10-03 05:44:23,2023-10-03 10:44:23,90.0
2589.0,Shane,Hall,ust,M,20-25,2023-10-03 01:15:54,2023-10-03 04:15:54,30.0
3679.0,Kayla,Sawyer,anon,F,40-above,2023-10-02 19:10:52,2023-10-02 23:10:52,30.0
1562.0,Colton,Hart,lawyer,M,25-30,2023-10-02 22:10:24,2023-10-03 01:10:24,180.0
7673.0,Morgan,Taylor,BPO,M,20-25,2023-10-03 08:13:39,2023-10-03 10:13:39,120.0
4411.0,James,Collins,anon,M,15-20,2023-10-03 08:24:55,2023-10-03 12:24:55,60.0
,,,tip,M,15-20,2023-10-03 09:50:47,2023-10-03 13:50:47,
2782.0,Chelsey,Burton,ust,F,25-30,2023-10-03 06:07:11,2023-10-03 12:07:11,60.0
5761.0,Daniel,West,influencer,F,25-30,2023-10-03 01:27:22,2023-10-03 05:27:22,150.0
4716.0,Sheryl,Collier,anon,M,40-above,2023-10-03 15:18:21,2023-10-03 19:18:21,180.0
2920.0,Michael,Garcia,management,F,40-above,2023-10-03 10:08:57,2023-10-03 13:08:57,30.0
1689.0,Madison,Bullock,ust,F,25-30,2023-10-03 16:28:09,2023-10-03 21:28:09,30.0
3337.0,John,Smith,software engineer,F,20-25,2023-10-03 10:22:10,2023-10-03 11:22:10,60.0
9364.0,Susan,Pham,doctor,M,25-30,2023-10-03 02:56:02,2023-10-03 05:56:02,90.0
4152.0,Monique,Kerr,BPO,M,20-25,2023-10-02 21:28:48,2023-10-03 02:28:48,30.0
3382.0,Mary,Ellison,management,M,25-30,2023-10-03 00:50:24,2023-10-03 03:50:24,90.0
5184.0,Eric,Bryant,adu,M,25-30,2023-10-03 10:13:37,2023-10-03 16:13:37,120.0
9166.0,David,Mitchell,tip,F,20-25,2023-10-03 17:00:02,2023-10-03 22:00:02,120.0
9772.0,Benjamin,Johnson,ust,M,15-20,2023-10-03 12:46:04,2023-10-03 14:16:04,90.0
6901.0,Robin,Ward,feu,M,20-25,2023-10-03 05:21:03,2023-10-03 08:21:03,90.0
2984.0,Lisa,Ramsey,adu,M,25-30,2023-10-02 23:20:07,2023-10-03 00:50:07,30.0
5646.0,Danielle,Gonzales,tip,F,25-30,2023-10-03 17:21:13,2023-10-03 22:21:13,30.0
9638.0,Daniel,Sanchez,nurse,M,20-25,2023-10-02 19:03:36,2023-10-02 20:33:36,30.0
5917.0,Cynthia,Ramos,ust,F,40-above,2023-10-02 18:54:56,2023-10-02 22:54:56,30.0
4213.0,Charlene,Bass,anon,F,25-30,2023-10-03 07:30:22,2023-10-03 09:00:22,60.0
7156.0,Audrey,Ramirez,ust,M,40-above,2023-10-03 10:12:35,2023-10-03 12:12:35,30.0
8149.0,Jason,Thompson,nurse,M,20-25,2023-10-03 01:47:56,2023-10-03 06:47:56,90.0
7342.0,Linda,Duncan,management,M,20-25,2023-10-03 12:17:03,2023-10-03 14:17:03,30.0
9975.0,Michael,Garcia,ust,M,40-above,2023-10-03 13:59:42,2023-10-03 15:29:42,60.0
5196.0,Kenneth,Bryant,feu,M,40-above,2023-10-02 21:00:53,2023-10-02 22:00:53,30.0
3502.0,Seth,Cook,BPO,F,40-above,2023-10-02 23:56:45,2023-10-03 02:56:45,150.0
7233.0,Ashley,Ramirez,BPO,F,40-above,2023-10-03 06:29:57,2023-10-03 10:29:57,30.0
9022.0,Bradley,Forbes,lawyer,F,40-above,2023-10-02 20:51:19,2023-10-02 23:51:19,90.0
9786.0,Keith,Acevedo,software engineer,F,20-25,2023-10-03 17:12:07,2023-10-03 19:12:07,30.0
6966.0,Charlene,Perkins,management,M,25-30,2023-10-03 17:39:19,2023-10-03 23:39:19,240.0
4108.0,Andrea,Levine,teacher,M,40-above,2023-10-02 21:49:01,2023-10-03 00:49:01,150.0
8547.0,Barbara,Bell,software engineer,M,20-25,2023-10-03 02:18:16,2023-10-03 06:18:16,150.0
2197.0,Troy,Boyd,ust,M,20-25,2023-10-02 21:34:53,2023-10-03 01:34:53,60.0
,,,BPO,F,40-above,2023-10-03 02:46:21,2023-10-03 06:46:21,
3906.0,Beth,Garcia,ust,F,15-20,2023-10-03 01:31:04,2023-10-03 06:31:04,180.0
6253.0,Anthony,Christensen,BPO,F,25-30,2023-10-03 17:47:09,2023-10-03 22:47:09,60.0
4515.0,Marcus,Richardson,BPO,F,40-above,2023-10-03 04:22:13,2023-10-03 08:22:13,90.0
6928.0,Allen,Pena,tip,M,25-30,2023-10-03 06:09:40,2023-10-03 10:09:40,180.0
1044.0,Haley,Garcia,doctor,F,20-25,2023-10-03 06:42:32,2023-10-03 09:42:32,30.0
9261.0,Alicia,Mitchell,lawyer,M,25-30,2023-10-02 23:29:15,2023-10-03 01:29:15,30.0
1127.0,Megan,Hall,adu,F,20-25,2023-10-03 11:43:51,2023-10-03 14:43:51,30.0
2988.0,Courtney,Kelly,teacher,F,20-25,2023-10-02 22:45:21,2023-10-03 02:45:21,30.0
,,,anon,M,20-25,2023-10-03 01:17:38,2023-10-03 03:17:38,
1278.0,Richard,Miller,software engineer,F,20-25,2023-10-03 07:56:54,2023-10-03 09:26:54,30.0
2941.0,Sean,Mcguire,anon,M,25-30,2023-10-03 13:21:32,2023-10-03 15:21:32,120.0
2720.0,Jorge,Moran,software engineer,M,40-above,2023-10-03 16:25:39,2023-10-03 19:25:39,150.0
9014.0,Matthew,Mann,BPO,M,20-25,2023-10-03 07:09:18,2023-10-03 12:09:18,30.0
1976.0,Christian,Collier,anon,M,40-above,2023-10-02 23:40:00,2023-10-03 04:40:00,60.0
2059.0,Marissa,Grant,anon,F,25-30,2023-10-03 09:32:58,2023-10-03 10:32:58,30.0
9390.0,Andrea,Taylor,anon,F,40-above,2023-10-03 08:39:25,2023-10-03 10:39:25,120.0
9428.0,Laura,Knapp,tip,F,25-30,2023-10-03 10:19:51,2023-10-03 11:19:51,30.0
6855.0,Victoria,Petty,ust,F,25-30,2023-10-03 06:29:05,2023-10-03 09:29:05,150.0
8210.0,Scott,Jordan,ust,F,40-above,2023-10-03 08:10:05,2023-10-03 09:40:05,30.0
9156.0,Amy,Riddle,ust,F,20-25,2023-10-03 06:56:20,2023-10-03 10:56:20,30.0
5915.0,Mathew,Vaughn,ust,M,20-25,2023-10-02 21:32:32,2023-10-03 01:32:32,240.0
4812.0,Julia,Wagner,BPO,F,20-25,2023-10-03 11:45:30,2023-10-03 15:45:30,180.0
1392.0,Sara,Turner,ust,F,25-30,2023-10-03 11:51:45,2023-10-03 14:51:45,90.0
6495.0,Mark,Thomas,BPO,M,25-30,2023-10-02 21:35:05,2023-10-02 22:35:05,30.0
5832.0,Cory,Dominguez,tip,M,25-30,2023-10-03 12:34:57,2023-10-03 16:34:57,30.0
8930.0,Victoria,Lewis,BPO,F,20-25,2023-10-03 08:23:21,2023-10-03 09:23:21,30.0
4273.0,Susan,Jones,feu,M,40-above,2023-10-03 14:25:53,2023-10-03 16:25:53,120.0
7401.0,Christopher,Bell,anon,M,25-30,2023-10-03 13:56:23,2023-10-03 15:26:23,30.0
1466.0,Ernest,Kelley,anon,F,25-30,2023-10-03 08:20:08,2023-10-03 13:20:08,30.0
2472.0,Scott,Terrell,ust,M,25-30,2023-10-03 08:51:20,2023-10-03 12:51:20,60.0
3238.0,Jennifer,Burch,ust,M,40-above,2023-10-03 12:58:51,2023-10-03 14:58:51,60.0
7820.0,Andrew,Contreras,tip,F,40-above,2023-10-03 05:23:41,2023-10-03 06:53:41,30.0
3036.0,Robert,Jones,ust,M,25-30,2023-10-02 23:26:42,2023-10-03 02:26:42,120.0
5896.0,Ricky,Hester,management,F,40-above,2023-10-03 06:04:00,2023-10-03 09:04:00,30.0
3084.0,Sarah,Miller,BPO,F,20-25,2023-10-03 03:00:33,2023-10-03 05:00:33,90.0
2591.0,Lucas,Stanton,tip,F,25-30,2023-10-03 02:48:59,2023-10-03 07:48:59,90.0
5811.0,Antonio,Reed,anon,F,15-20,2023-10-02 18:48:55,2023-10-02 20:48:55,30.0
2814.0,Tina,Rivera,BPO,F,40-above,2023-10-02 22:33:24,2023-10-03 00:33:24,60.0
9629.0,Brandon,Todd,feu,M,15-20,2023-10-03 14:43:23,2023-10-03 17:43:23,120.0
5027.0,Karen,Harris,anon,M,25-30,2023-10-02 23:05:13,2023-10-03 00:35:13,30.0
1839.0,Kelly,Porter,tip,M,40-above,2023-10-03 08:02:20,2023-10-03 10:02:20,30.0
2690.0,Shawn,Cunningham,adu,M,40-above,2023-10-03 04:41:48,2023-10-03 06:41:48,30.0
3767.0,James,Jefferson,ust,F,15-20,2023-10-03 12:12:17,2023-10-03 13:12:17,30.0
1241.0,Erica,Thompson,anon,M,25-30,2023-10-03 12:37:53,2023-10-03 14:07:53,90.0
1223.0,Stuart,Marks,influencer,F,15-20,2023-10-03 14:03:09,2023-10-03 17:03:09,30.0
8887.0,Kevin,Castro,ust,M,25-30,2023-10-03 07:52:25,2023-10-03 12:52:25,30.0
7782.0,Nichole,Stewart,software engineer,M,25-30,2023-10-03 12:47:23,2023-10-03 15:47:23,150.0
8380.0,Randy,Garcia,anon,F,20-25,2023-10-03 09:17:42,2023-10-03 14:17:42,180.0
1692.0,Kevin,Smith,teacher,M,20-25,2023-10-03 07:05:09,2023-10-03 11:05:09,180.0
6247.0,Barry,Green,anon,F,20-25,2023-10-02 22:40:54,2023-10-03 01:40:54,30.0
1120.0,Amber,Valdez,ust,M,40-above,2023-10-03 01:43:40,2023-10-03 03:43:40,120.0
5060.0,Judy,Hampton,anon,M,15-20,2023-10-03 11:01:43,2023-10-03 16:01:43,30.0
7346.0,Shawn,Moss,ust,M,20-25,2023-10-03 14:35:30,2023-10-03 17:35:30,60.0
4643.0,Diane,Porter,management,F,40-above,2023-10-03 11:23:47,2023-10-03 16:23:47,120.0
4949.0,Nicholas,Bryant,BPO,F,20-25,2023-10-02 19:43:02,2023-10-03 00:43:02,120.0
,,,teacher,M,40-above,2023-10-03 01:01:54,2023-10-03 02:01:54,
8567.0,Theodore,Bowen,BPO,M,20-25,2023-10-03 08:43:59,2023-10-03 09:43:59,60.0
3256.0,Christopher,Williamson,anon,M,20-25,2023-10-03 13:00:50,2023-10-03 17:00:50,60.0
7760.0,Peter,Taylor,tip,F,40-above,2023-10-03 00:24:26,2023-10-03 05:24:26,30.0
1623.0,Erica,Salazar,ust,F,25-30,2023-10-03 00:30:00,2023-10-03 05:30:00,30.0
9880.0,Veronica,Hunter,tip,M,40-above,2023-10-03 08:06:41,2023-10-03 12:06:41,60.0
8560.0,Carolyn,Rogers,lawyer,F,15-20,2023-10-03 18:01:06,2023-10-03 23:01:06,150.0
9633.0,Michael,Williamson,tip,F,40-above,2023-10-03 17:47:17,2023-10-03 20:47:17,30.0
5238.0,Anita,Watson,ust,M,25-30,2023-10-03 06:15:26,2023-10-03 10:15:26,30.0
5609.0,Emily,Lozano,ust,F,40-above,2023-10-02 23:05:53,2023-10-03 04:05:53,60.0
7326.0,William,Snyder,feu,M,40-above,2023-10-02 23:38:39,2023-10-03 04:38:39,60.0
2208.0,Andrew,Mason,ust,F,20-25,2023-10-03 00:55:23,2023-10-03 03:55:23,60.0
9689.0,Daniel,Moore,anon,M,25-30,2023-10-03 09:53:54,2023-10-03 11:53:54,90.0
4319.0,Thomas,Ruiz,anon,F,20-25,2023-10-03 16:29:33,2023-10-03 19:29:33,30.0
9938.0,Michelle,Lopez,adu,F,20-25,2023-10-03 09:58:47,2023-10-03 13:58:47,30.0
7777.0,Rebecca,Browning,adu,F,20-25,2023-10-03 05:20:16,2023-10-03 09:20:16,30.0
,,,anon,F,25-30,2023-10-03 17:38:51,2023-10-03 20:38:51,
7395.0,Joseph,Lee,BPO,M,40-above,2023-10-03 17:17:39,2023-10-03 18:47:39,30.0
3111.0,Ronald,Reynolds,software engineer,M,40-above,2023-10-03 13:36:30,2023-10-03 19:36:30,90.0
8016.0,Amber,Walton,doctor,M,15-20,2023-10-03 08:08:12,2023-10-03 09:38:12,90.0
8961.0,Peter,Meza,BPO,M,15-20,2023-10-02 23:50:59,2023-10-03 04:50:59,30.0
3748.0,Katie,Barnes,BPO,M,40-above,2023-10-03 18:36:42,2023-10-03 22:36:42,30.0
7841.0,Alexandra,Jones,software engineer,M,25-30,2023-10-03 13:17:15,2023-10-03 16:17:15,120.0
6584.0,Frank,Thompson,anon,F,15-20,2023-10-03 17:41:49,2023-10-03 19:11:49,60.0
6619.0,Edward,Molina,BPO,M,40-above,2023-10-03 16:15:28,2023-10-03 21:15:28,300.0
7467.0,Ricardo,Garcia,ust,M,15-20,2023-10-02 22:13:48,2023-10-03 04:13:48,90.0
5876.0,Patricia,Holden,BPO,F,15-20,2023-10-02 21:34:22,2023-10-03 02:34:22,240.0
1977.0,Mitchell,Garcia,teacher,M,25-30,2023-10-03 11:36:53,2023-10-03 12:36:53,60.0
5282.0,Karen,Russell,tip,M,25-30,2023-10-03 12:09:59,2023-10-03 18:09:59,30.0
6643.0,Amanda,Richards,anon,M,15-20,2023-10-03 02:15:23,2023-10-03 05:15:23,30.0
7240.0,Mark,Bright,BPO,F,40-above,2023-10-03 11:43:51,2023-10-03 14:43:51,30.0
5839.0,Donald,Calhoun,adu,M,40-above,2023-10-03 08:01:01,2023-10-03 09:01:01,60.0
7611.0,Lisa,Strong,ust,M,15-20,2023-10-03 04:42:19,2023-10-03 08:42:19,30.0
4592.0,Kevin,Morales,anon,F,25-30,2023-10-03 13:26:59,2023-10-03 14:56:59,30.0
2823.0,Elizabeth,Alvarez,adu,F,25-30,2023-10-03 17:58:29,2023-10-03 19:28:29,30.0
7511.0,Michaela,Whitney,tip,M,20-25,2023-10-03 06:53:30,2023-10-03 08:23:30,30.0
6582.0,Sarah,Jackson,anon,M,25-30,2023-10-02 19:18:05,2023-10-02 21:18:05,30.0
4534.0,Lauren,Terrell,anon,F,20-25,2023-10-03 13:41:24,2023-10-03 19:41:24,30.0
2876.0,Amy,Thompson,adu,M,20-25,2023-10-02 18:54:26,2023-10-02 20:24:26,60.0
1852.0,Paul,Rodriguez,adu,F,25-30,2023-10-03 17:19:45,2023-10-03 21:19:45,30.0
5468.0,Shari,Jones,feu,M,40-above,2023-10-03 02:48:34,2023-10-03 06:48:34,240.0
3660.0,Michele,Long,BPO,M,25-30,2023-10-03 03:45:24,2023-10-03 08:45:24,30.0
8800.0,Evan,Bell,software engineer,F,25-30,2023-10-03 00:03:01,2023-10-03 03:03:01,60.0
5154.0,Felicia,Flores,feu,M,25-30,2023-10-03 05:00:08,2023-10-03 11:00:08,240.0
6910.0,Thomas,Key,software engineer,F,40-above,2023-10-03 05:58:52,2023-10-03 07:28:52,30.0
6407.0,Randy,Davis,management,F,20-25,2023-10-03 02:22:08,2023-10-03 03:22:08,30.0
3505.0,Nicholas,Robertson,management,F,20-25,2023-10-03 16:25:36,2023-10-03 19:25:36,30.0
3286.0,Kim,Jimenez,anon,M,25-30,2023-10-03 13:58:19,2023-10-03 17:58:19,90.0
2570.0,Willie,Fields,influencer,F,15-20,2023-10-03 11:41:22,2023-10-03 17:41:22,30.0
6050.0,Stephanie,Scott,anon,F,20-25,2023-10-03 04:47:58,2023-10-03 08:47:58,210.0
9993.0,Gregory,Stewart,BPO,M,40-above,2023-10-03 16:55:28,2023-10-03 20:55:28,90.0
1240.0,George,Allen,anon,M,25-30,2023-10-03 03:05:43,2023-10-03 06:05:43,30.0
9745.0,Steven,Miller,influencer,F,40-above,2023-10-03 05:42:03,2023-10-03 08:42:03,60.0
8381.0,Belinda,Wilson,ust,M,20-25,2023-10-03 15:13:19,2023-10-03 17:13:19,30.0
8823.0,George,Thompson,adu,M,20-25,2023-10-03 05:21:51,2023-10-03 06:21:51,60.0
6266.0,Aaron,Torres,adu,F,25-30,2023-10-02 22:51:18,2023-10-03 01:51:18,90.0
5102.0,Justin,Howard,feu,M,40-above,2023-10-02 22:43:01,2023-10-03 00:13:01,30.0
9936.0,Joseph,Ochoa,BPO,F,20-25,2023-10-03 10:15:37,2023-10-03 13:15:37,30.0
7354.0,Robert,Roberts,tip,M,15-20,2023-10-03 03:59:44,2023-10-03 05:29:44,30.0
1531.0,Jennifer,Carson,tip,M,25-30,2023-10-03 06:59:21,2023-10-03 10:59:21,60.0
6664.0,Shelley,Marquez,anon,F,20-25,2023-10-02 21:06:36,2023-10-02 22:06:36,30.0
2824.0,Sheila,Torres,doctor,F,25-30,2023-10-03 11:11:52,2023-10-03 12:41:52,90.0
7224.0,Holly,Davis,ust,F,40-above,2023-10-02 19:45:01,2023-10-02 21:15:01,30.0
,,,ust,F,20-25,2023-10-03 07:48:27,2023-10-03 09:48:27,
2885.0,Rachel,Mccarty,management,M,25-30,2023-10-03 01:33:40,2023-10-03 03:03:40,90.0
3130.0,Christopher,Preston,ust,F,20-25,2023-10-03 11:27:57,2023-10-03 14:27:57,30.0
3565.0,Jason,Pollard,tip,M,20-25,2023-10-02 22:01:20,2023-10-03 00:01:20,30.0
4940.0,Marie,Wallace,BPO,M,25-30,2023-10-03 18:08:22,2023-10-03 21:08:22,120.0
6236.0,Matthew,Johnson,ust,F,40-above,2023-10-03 08:23:34,2023-10-03 09:53:34,60.0
7369.0,Deanna,Adams,lawyer,M,25-30,2023-10-03 08:49:07,2023-10-03 10:49:07,30.0
3135.0,Jon,Young,feu,M,25-30,2023-10-03 13:51:20,2023-10-03 17:51:20,120.0
6991.0,Heather,Calhoun,feu,M,20-25,2023-10-03 02:22:34,2023-10-03 03:52:34,30.0
4592.0,Deborah,Bates,BPO,M,20-25,2023-10-03 16:42:41,2023-10-03 21:42:41,30.0
9157.0,Thomas,Lopez,BPO,M,40-above,2023-10-02 20:01:53,2023-10-03 02:01:53,270.0
7266.0,Tammy,Charles,feu,F,20-25,2023-10-03 00:59:07,2023-10-03 03:59:07,30.0
2980.0,Richard,Johnson,BPO,F,40-above,2023-10-03 10:50:05,2023-10-03 12:50:05,30.0
3214.0,Jeffrey,Vincent,BPO,M,20-25,2023-10-03 02:47:12,2023-10-03 04:47:12,120.0
2340.0,Eugene,Ward,lawyer,F,20-25,2023-10-03 05:57:53,2023-10-03 09:57:53,30.0
5871.0,Kristen,Webster,ust,F,25-30,2023-10-03 04:21:55,2023-10-03 07:21:55,180.0
5079.0,Robert,Stout,management,F,25-30,2023-10-03 01:13:54,2023-10-03 06:13:54,30.0
4949.0,Jeffrey,Peters,BPO,F,20-25,2023-10-03 14:15:36,2023-10-03 18:15:36,90.0
9187.0,Steven,Ramsey,nurse,F,20-25,2023-10-02 21:34:31,2023-10-03 02:34:31,60.0
7508.0,Kimberly,Bush,ust,F,25-30,2023-10-03 06:04:44,2023-10-03 09:04:44,30.0
4931.0,William,Carter,software engineer,M,25-30,2023-10-03 18:34:43,2023-10-03 19:34:43,60.0
6774.0,Steven,Parker,nurse,F,20-25,2023-10-03 07:46:42,2023-10-03 09:16:42,60.0
1785.0,Caroline,Collier,BPO,F,40-above,2023-10-02 22:54:34,2023-10-03 00:54:34,30.0
,,,influencer,F,40-above,2023-10-03 06:25:40,2023-10-03 11:25:40,
4980.0,Jennifer,Fuller,ust,F,40-above,2023-10-03 00:45:00,2023-10-03 02:45:00,60.0
3304.0,Kathy,Burns,ust,M,25-30,2023-10-03 10:15:53,2023-10-03 11:45:53,30.0
1892.0,Devin,Gray,doctor,F,40-above,2023-10-03 09:34:21,2023-10-03 12:34:21,60.0
5448.0,John,Thompson,ust,F,40-above,2023-10-03 14:09:31,2023-10-03 20:09:31,60.0
7143.0,Diane,Smith,ust,F,20-25,2023-10-03 06:49:30,2023-10-03 11:49:30,30.0
9204.0,Valerie,Martinez,adu,F,25-30,2023-10-03 01:35:56,2023-10-03 03:05:56,60.0
2784.0,Elizabeth,Campbell,management,M,20-25,2023-10-02 20:51:43,2023-10-03 02:51:43,150.0
6329.0,Barbara,Nguyen,ust,F,15-20,2023-10-03 14:05:03,2023-10-03 19:05:03,120.0
5675.0,Michael,Burns,lawyer,M,20-25,2023-10-03 00:05:03,2023-10-03 02:05:03,30.0
1320.0,Michelle,Clayton,anon,M,15-20,2023-10-03 18:18:36,2023-10-03 20:18:36,120.0
3892.0,David,Glenn,ust,M,25-30,2023-10-03 05:00:08,2023-10-03 06:00:08,60.0
9216.0,Jeffrey,Murphy,management,M,25-30,2023-10-03 13:32:24,2023-10-03 14:32:24,30.0
9522.0,Victoria,May,anon,F,25-30,2023-10-02 20:38:29,2023-10-03 01:38:29,30.0
4175.0,Daniel,Horton,software engineer,F,40-above,2023-10-02 19:32:17,2023-10-03 00:32:17,60.0
7075.0,Andrew,Spence,BPO,M,25-30,2023-10-03 01:09:01,2023-10-03 02:09:01,30.0
5092.0,Luke,Wright,ust,F,25-30,2023-10-03 16:43:18,2023-10-03 22:43:18,60.0
8168.0,George,Russell,software engineer,M,40-above,2023-10-03 17:05:41,2023-10-03 20:05:41,120.0
6856.0,Karen,Barnes,influencer,F,25-30,2023-10-03 08:14:32,2023-10-03 13:14:32,30.0
3043.0,Samuel,Harper,teacher,F,20-25,2023-10-03 01:13:19,2023-10-03 07:13:19,90.0
5432.0,Kylie,Green,ust,F,20-25,2023-10-03 17:53:13,2023-10-03 21:53:13,30.0
8747.0,Kimberly,Contreras,ust,M,20-25,2023-10-03 10:41:27,2023-10-03 12:11:27,30.0
6140.0,Joel,Mccarthy,tip,M,15-20,2023-10-03 01:44:57,2023-10-03 04:44:57,60.0
8729.0,Matthew,Price,ust,F,25-30,2023-10-03 05:25:12,2023-10-03 08:25:12,60.0
8445.0,Brian,Payne,feu,M,25-30,2023-10-03 17:51:49,2023-10-03 22:51:49,60.0
,,,anon,F,20-25,2023-10-03 04:31:45,2023-10-03 07:31:45,
1767.0,Kelli,Tate,BPO,M,40-above,2023-10-03 07:30:29,2023-10-03 08:30:29,30.0
8512.0,David,Smith,software engineer,M,20-25,2023-10-03 12:57:07,2023-10-03 13:57:07,60.0
9817.0,Michael,Oconnor,nurse,F,40-above,2023-10-03 16:10:14,2023-10-03 22:10:14,60.0
6070.0,Rachel,Jones,software engineer,F,25-30,2023-10-02 22:46:14,2023-10-03 03:46:14,270.0
7098.0,William,Francis,ust,F,25-30,2023-10-02 18:55:10,2023-10-02 21:55:10,60.0
9227.0,Michael,Williams,feu,F,25-30,2023-10-02 23:10:23,2023-10-03 05:10:23,30.0
5862.0,William,Jackson,anon,M,25-30,2023-10-03 07:48:12,2023-10-03 10:48:12,150.0
7018.0,Matthew,Ramirez,ust,F,40-above,2023-10-03 14:19:30,2023-10-03 19:19:30,180.0
7401.0,Valerie,Fleming,ust,F,15-20,2023-10-03 04:55:00,2023-10-03 05:55:00,30.0
2797.0,Thomas,Greene,feu,M,20-25,2023-10-03 05:11:57,2023-10-03 08:11:57,30.0
2024.0,Bridget,Anderson,management,F,25-30,2023-10-02 21:47:34,2023-10-02 23:47:34,30.0
1222.0,Tara,Guzman,lawyer,F,15-20,2023-10-03 01:51:55,2023-10-03 03:51:55,30.0
7079.0,Gail,Curtis,tip,M,20-25,2023-10-02 19:11:47,2023-10-02 21:11:47,90.0
1845.0,Patrick,Johnson,nurse,M,20-25,2023-10-03 14:23:10,2023-10-03 19:23:10,90.0
4900.0,Cindy,Gordon,BPO,F,20-25,2023-10-03 04:35:17,2023-10-03 06:05:17,30.0
2690.0,Jennifer,Hart,management,F,40-above,2023-10-03 16:30:33,2023-10-03 19:30:33,60.0
6005.0,Cody,Brock,BPO,F,40-above,2023-10-03 05:26:49,2023-10-03 09:26:49,90.0
4282.0,Crystal,Garcia,ust,M,25-30,2023-10-03 01:37:27,2023-10-03 06:37:27,150.0
3206.0,David,Martinez,BPO,F,15-20,2023-10-03 06:06:51,2023-10-03 07:36:51,30.0
3757.0,James,Sanchez,ust,M,20-25,2023-10-02 20:30:10,2023-10-03 01:30:10,90.0
,,,BPO,M,25-30,2023-10-03 07:52:45,2023-10-03 08:52:45,
3769.0,Amber,Morales,anon,F,40-above,2023-10-03 00:51:55,2023-10-03 02:21:55,30.0
9654.0,Jared,Foster,tip,M,25-30,2023-10-03 05:12:25,2023-10-03 08:12:25,30.0
5879.0,Michael,Myers,influencer,M,20-25,2023-10-03 01:29:44,2023-10-03 07:29:44,300.0
5248.0,Barbara,Moore,tip,M,20-25,2023-10-02 20:12:40,2023-10-03 00:12:40,120.0
9424.0,Matthew,King,adu,M,25-30,2023-10-03 15:41:16,2023-10-03 17:41:16,30.0
8932.0,Susan,Williams,anon,F,20-25,2023-10-03 09:12:17,2023-10-03 12:12:17,30.0
7554.0,Kimberly,Sullivan,adu,F,25-30,2023-10-03 11:19:56,2023-10-03 13:19:56,30.0
,,,software engineer,F,25-30,2023-10-03 06:08:11,2023-10-03 08:08:11,
6553.0,Zachary,Turner,anon,M,20-25,2023-10-03 18:13:16,2023-10-03 20:13:16,30.0
9841.0,Emily,Moore,lawyer,M,25-30,2023-10-03 07:27:27,2023-10-03 09:27:27,60.0
4891.0,Randall,Lara,anon,F,40-above,2023-10-02 20:45:50,2023-10-03 00:45:50,30.0
7120.0,Ronald,Graves,software engineer,M,40-above,2023-10-03 18:25:47,2023-10-03 21:25:47,30.0
,,,BPO,M,15-20,2023-10-03 05:18:09,2023-10-03 06:18:09,
9032.0,Steven,White,BPO,F,40-above,2023-10-03 00:48:08,2023-10-03 06:48:08,30.0
4198.0,Sharon,Edwards,BPO,F,20-25,2023-10-02 20:17:52,2023-10-03 00:17:52,30.0
4445.0,Billy,Wilson,anon,F,25-30,2023-10-03 02:43:39,2023-10-03 04:43:39,30.0
6552.0,Jeffrey,Lawrence,adu,M,20-25,2023-10-03 12:23:12,2023-10-03 15:23:12,30.0
2854.0,Raven,Patterson,ust,M,20-25,2023-10-03 01:40:36,2023-10-03 05:40:36,30.0
6093.0,Melissa,Carter,management,M,40-above,2023-10-03 16:10:25,2023-10-03 19:10:25,60.0
6800.0,Patricia,Calhoun,BPO,F,15-20,2023-10-03 06:06:21,2023-10-03 09:06:21,30.0
6391.0,Troy,Nichols,BPO,F,40-above,2023-10-03 10:39:54,2023-10-03 12:39:54,90.0
6463.0,Amanda,Smith,management,M,25-30,2023-10-03 14:41:00,2023-10-03 17:41:00,30.0
3628.0,David,Rodriguez,software engineer,M,20-25,2023-10-02 23:39:22,2023-10-03 03:39:22,30.0
4477.0,Jennifer,Rush,software engineer,M,20-25,2023-10-02 19:10:40,2023-10-02 23:10:40,210.0
4016.0,Jose,Stone,anon,F,40-above,2023-10-03 17:50:28,2023-10-03 22:50:28,60.0
4778.0,David,Murillo,ust,M,25-30,2023-10-03 00:09:05,2023-10-03 01:39:05,90.0
8525.0,Jeremy,Garrett,adu,M,20-25,2023-10-03 14:05:14,2023-10-03 16:05:14,120.0
7553.0,Steven,Thompson,adu,M,15-20,2023-10-02 23:36:11,2023-10-03 05:36:11,30.0
8523.0,Crystal,Glenn,doctor,M,20-25,2023-10-03 00:28:33,2023-10-03 02:28:33,30.0
5443.0,Nicholas,Gonzalez,adu,M,25-30,2023-10-03 18:32:46,2023-10-03 21:32:46,180.0
9066.0,Daniel,Jackson,anon,M,15-20,2023-10-03 02:49:47,2023-10-03 06:49:47,30.0
8189.0,Gary,Andrews,tip,F,20-25,2023-10-03 09:46:50,2023-10-03 10:46:50,30.0
2309.0,Dawn,Bailey,tip,M,15-20,2023-10-03 10:11:07,2023-10-03 16:11:07,60.0
9293.0,Dale,Klein,doctor,F,20-25,2023-10-03 03:38:19,2023-10-03 07:38:19,210.0
8731.0,Bradley,Lindsey,nurse,F,20-25,2023-10-03 13:39:14,2023-10-03 17:39:14,240.0
8759.0,Nicholas,Gay,BPO,M,40-above,2023-10-03 06:54:20,2023-10-03 12:54:20,60.0
2925.0,Sara,Bowen,anon,F,20-25,2023-10-02 22:53:05,2023-10-03 00:23:05,30.0
1893.0,William,Hunt,anon,M,15-20,2023-10-03 00:17:59,2023-10-03 01:17:59,60.0
4688.0,Carlos,Brady,ust,M,40-above,2023-10-03 15:46:54,2023-10-03 20:46:54,120.0
7164.0,Donna,Henry,ust,M,25-30,2023-10-03 11:56:29,2023-10-03 15:56:29,60.0
8062.0,Carrie,Gomez,adu,M,25-30,2023-10-03 17:15:51,2023-10-03 21:15:51,180.0
9592.0,Kathy,Harris,BPO,M,25-30,2023-10-03 00:27:36,2023-10-03 06:27:36,30.0
6225.0,Jennifer,Smith,ust,M,40-above,2023-10-02 23:49:25,2023-10-03 01:19:25,60.0
9277.0,George,Young,anon,M,20-25,2023-10-03 04:45:34,2023-10-03 06:15:34,90.0
8327.0,Aaron,Jones,anon,M,20-25,2023-10-03 06:37:19,2023-10-03 11:37:19,30.0
,,,anon,F,40-above,2023-10-03 15:12:33,2023-10-03 19:12:33,
6354.0,Johnathan,Evans,anon,F,20-25,2023-10-03 01:23:14,2023-10-03 02:23:14,60.0
4658.0,Nancy,Thompson,ust,F,25-30,2023-10-03 13:06:52,2023-10-03 17:06:52,30.0
6369.0,Amber,Chandler,BPO,M,20-25,2023-10-03 02:01:54,2023-10-03 03:31:54,30.0
7819.0,Mary,Bridges,anon,F,20-25,2023-10-03 09:59:28,2023-10-03 10:59:28,30.0
3075.0,Nicole,Gray,software engineer,M,15-20,2023-10-03 14:20:44,2023-10-03 17:20:44,120.0
5950.0,Samuel,Sanchez,ust,F,25-30,2023-10-03 04:59:33,2023-10-03 08:59:33,30.0
9350.0,Laurie,Wilson,BPO,M,40-above,2023-10-02 22:27:42,2023-10-03 04:27:42,180.0
3045.0,Caitlin,Hebert,anon,F,40-above,2023-10-03 17:02:41,2023-10-03 18:02:41,30.0
5984.0,Lisa,Holland,BPO,F,20-25,2023-10-03 09:36:56,2023-10-03 12:36:56,120.0
4104.0,James,Salinas,anon,M,40-above,2023-10-03 14:29:26,2023-10-03 16:29:26,30.0
1969.0,Rachel,Fernandez,ust,M,25-30,2023-10-03 14:21:31,2023-10-03 18:21:31,30.0
8890.0,Karen,Blair,BPO,F,25-30,2023-10-03 03:58:27,2023-10-03 05:28:27,90.0
3832.0,Mariah,Porter,ust,M,20-25,2023-10-03 02:29:26,2023-10-03 04:29:26,30.0
4191.0,Richard,Miller,ust,M,20-25,2023-10-03 09:29:32,2023-10-03 13:29:32,120.0
8643.0,Christopher,Arnold,software engineer,M,25-30,2023-10-03 17:35:53,2023-10-03 20:35:53,150.0
6843.0,Gavin,Watson,adu,M,25-30,2023-10-02 19:31:54,2023-10-03 00:31:54,30.0
4537.0,Laura,Maldonado,ust,M,20-25,2023-10-03 15:43:14,2023-10-03 19:43:14,150.0
9304.0,Tracey,Morris,software engineer,M,20-25,2023-10-03 01:02:22,2023-10-03 07:02:22,60.0
6907.0,Gregory,Gardner,ust,M,20-25,2023-10-02 20:01:30,2023-10-02 23:01:30,30.0
6658.0,Cheryl,Soto,feu,M,40-above,2023-10-02 22:12:50,2023-10-03 00:12:50,30.0
7447.0,Cole,Kelley,ust,F,25-30,2023-10-03 12:47:47,2023-10-03 15:47:47,60.0
2783.0,Anthony,Lopez,anon,F,40-above,2023-10-03 16:35:59,2023-10-03 19:35:59,120.0
2253.0,Debra,Lewis,software engineer,M,25-30,2023-10-03 18:33:29,2023-10-03 22:33:29,120.0
5519.0,Robin,Cooke,feu,M,20-25,2023-10-03 15:46:00,2023-10-03 18:46:00,30.0
5478.0,Stephen,Cruz,tip,F,20-25,2023-10-03 12:25:01,2023-10-03 13:25:01,60.0
2807.0,Brittney,Hernandez,ust,M,20-25,2023-10-02 18:50:06,2023-10-02 20:20:06,60.0
3248.0,Adam,Leonard,ust,F,25-30,2023-10-03 14:11:48,2023-10-03 15:41:48,60.0
6366.0,Tyler,Rogers,software engineer,M,15-20,2023-10-03 05:37:27,2023-10-03 07:37:27,30.0
2838.0,Amanda,Carter,anon,M,20-25,2023-10-03 02:08:25,2023-10-03 04:08:25,60.0
9514.0,Blake,Estrada,BPO,F,15-20,2023-10-02 20:11:15,2023-10-02 21:41:15,30.0
8519.0,James,Miller,adu,M,25-30,2023-10-02 19:18:42,2023-10-03 01:18:42,330.0
4906.0,Caitlin,Andrade,ust,M,15-20,2023-10-03 04:28:46,2023-10-03 07:28:46,90.0
1777.0,Roy,Flores,ust,M,15-20,2023-10-03 05:53:23,2023-10-03 07:53:23,30.0
8707.0,Diane,Scott,anon,F,25-30,2023-10-03 02:26:18,2023-10-03 08:26:18,60.0
5816.0,Adrienne,Briggs,anon,M,40-above,2023-10-03 03:08:52,2023-10-03 07:08:52,30.0
,,,teacher,M,40-above,2023-10-02 20:02:51,2023-10-03 00:02:51,
7583.0,Chad,Fisher,tip,F,20-25,2023-10-03 03:43:49,2023-10-03 05:13:49,60.0
9409.0,Robert,Manning,software engineer,M,25-30,2023-10-02 22:43:39,2023-10-03 01:43:39,180.0
7547.0,Emily,Villanueva,software engineer,M,40-above,2023-10-03 03:31:18,2023-10-03 05:01:18,60.0
2949.0,Angel,Pittman,ust,M,25-30,2023-10-03 10:56:29,2023-10-03 12:56:29,60.0
9372.0,Sara,Jackson,ust,M,25-30,2023-10-03 08:53:07,2023-10-03 11:53:07,60.0
5238.0,Chad,Williamson,ust,F,40-above,2023-10-03 16:17:33,2023-10-03 20:17:33,30.0
5209.0,Richard,Leach,tip,F,40-above,2023-10-03 12:45:53,2023-10-03 14:45:53,60.0
9701.0,Natasha,Vasquez,ust,F,15-20,2023-10-03 07:58:00,2023-10-03 11:58:00,30.0
1677.0,Julie,Bond,ust,M,25-30,2023-10-02 19:27:26,2023-10-02 22:27:26,90.0
,,,adu,M,20-25,2023-10-02 20:35:13,2023-10-02 22:35:13,
4443.0,Edward,Wang,tip,M,40-above,2023-10-02 20:38:41,2023-10-03 00:38:41,30.0
4236.0,John,Pollard,nurse,F,25-30,2023-10-03 07:54:19,2023-10-03 08:54:19,30.0
,,,anon,F,20-25,2023-10-02 23:43:01,2023-10-03 02:43:01,
7695.0,Cynthia,Schultz,influencer,M,40-above,2023-10-03 11:27:02,2023-10-03 13:27:02,60.0
4164.0,Corey,Ferguson,ust,M,15-20,2023-10-03 17:52:56,2023-10-03 22:52:56,30.0
6841.0,David,Smith,lawyer,M,25-30,2023-10-03 04:55:11,2023-10-03 06:55:11,90.0
7981.0,Tara,Hill,BPO,M,20-25,2023-10-03 09:26:18,2023-10-03 11:26:18,30.0
5640.0,Kyle,Ramirez,anon,M,20-25,2023-10-03 09:24:47,2023-10-03 13:24:47,210.0
5806.0,Amber,Keller,anon,F,20-25,2023-10-03 00:37:34,2023-10-03 03:37:34,60.0
9776.0,Tanya,Gaines,anon,M,25-30,2023-10-03 02:18:39,2023-10-03 05:18:39,90.0
7658.0,Kelsey,Pierce,teacher,F,20-25,2023-10-02 21:06:43,2023-10-03 01:06:43,30.0
3380.0,Tammy,Smith,anon,M,25-30,2023-10-03 10:58:40,2023-10-03 12:28:40,90.0
8375.0,Dustin,Ross,doctor,F,25-30,2023-10-02 20:06:00,2023-10-02 21:36:00,30.0
4025.0,Nicholas,Torres,tip,M,40-above,2023-10-03 04:46:07,2023-10-03 08:46:07,30.0
4673.0,Walter,Pope,ust,F,20-25,2023-10-03 00:14:01,2023-10-03 01:44:01,30.0
7794.0,Jessica,Ho,feu,M,25-30,2023-10-03 16:54:06,2023-10-03 18:24:06,30.0
9989.0,Aaron,Griffin,anon,M,20-25,2023-10-03 18:18:53,2023-10-03 22:18:53,90.0
7498.0,Amy,Martin,BPO,F,20-25,2023-10-03 02:26:08,2023-10-03 06:26:08,30.0
6762.0,Jonathan,Ward,feu,F,15-20,2023-10-02 22:22:43,2023-10-03 00:22:43,90.0
9491.0,Cindy,Tapia,teacher,M,20-25,2023-10-03 03:00:21,2023-10-03 08:00:21,180.0
2524.0,Russell,Barrera,tip,M,40-above,2023-10-02 23:38:05,2023-10-03 01:08:05,60.0
1700.0,Steven,Diaz,doctor,F,40-above,2023-10-03 13:21:43,2023-10-03 14:51:43,30.0
7814.0,Christina,Burgess,nurse,M,25-30,2023-10-03 03:57:20,2023-10-03 04:57:20,30.0
2185.0,Heidi,Archer,tip,M,25-30,2023-10-03 06:14:56,2023-10-03 08:14:56,90.0
8348.0,Bryan,Bright,BPO,M,25-30,2023-10-03 11:32:30,2023-10-03 15:32:30,150.0
9562.0,Mallory,Burke,anon,F,20-25,2023-10-03 14:39:00,2023-10-03 19:39:00,180.0
7837.0,Cassandra,Bishop,tip,F,40-above,2023-10-03 11:25:12,2023-10-03 17:25:12,30.0
1223.0,Douglas,Compton,feu,M,20-25,2023-10-03 18:00:03,2023-10-04 00:00:03,30.0
8662.0,Caleb,Wagner,adu,F,20-25,2023-10-03 06:04:36,2023-10-03 11:04:36,30.0
1247.0,Anna,Duffy,BPO,M,20-25,2023-10-03 13:24:25,2023-10-03 14:24:25,30.0
2963.0,Jessica,Harris,tip,M,25-30,2023-10-02 19:50:08,2023-10-03 00:50:08,60.0
,,,ust,M,20-25,2023-10-02 20:47:32,2023-10-03 00:47:32,
7105.0,Danny,Gibbs,influencer,F,20-25,2023-10-02 21:11:40,2023-10-03 01:11:40,60.0
7942.0,Gina,Wells,teacher,M,20-25,2023-10-03 06:53:43,2023-10-03 12:53:43,60.0
5971.0,Henry,Thomas,tip,F,40-above,2023-10-03 09:31:51,2023-10-03 11:01:51,30.0
6331.0,Raymond,Peterson,BPO,M,25-30,2023-10-03 13:04:38,2023-10-03 15:04:38,60.0
7697.0,Krista,Clark,adu,F,40-above,2023-10-03 16:51:15,2023-10-03 20:51:15,180.0
6687.0,Matthew,Brooks,BPO,M,20-25,2023-10-02 21:20:39,2023-10-03 00:20:39,30.0
7557.0,Michael,Barron,adu,M,25-30,2023-10-03 00:27:24,2023-10-03 01:27:24,60.0
9505.0,Christopher,Kelly,influencer,F,20-25,2023-10-03 05:03:14,2023-10-03 09:03:14,30.0
5782.0,Mark,Watson,feu,F,20-25,2023-10-03 07:17:54,2023-10-03 11:17:54,30.0
5117.0,Charles,Moreno,ust,M,25-30,2023-10-02 23:13:46,2023-10-03 03:13:46,180.0
5192.0,Thomas,Baldwin,anon,F,40-above,2023-10-02 23:38:02,2023-10-03 03:38:02,90.0
4120.0,William,Carter,tip,F,20-25,2023-10-03 03:33:52,2023-10-03 05:33:52,30.0
5027.0,Michael,Weber,anon,F,15-20,2023-10-03 09:43:31,2023-10-03 11:43:31,60.0
3515.0,Melissa,Bailey,ust,M,20-25,2023-10-03 00:32:19,2023-10-03 04:32:19,60.0
3773.0,Lance,Phillips,ust,F,25-30,2023-10-03 01:27:32,2023-10-03 02:27:32,30.0
1749.0,Thomas,Underwood,ust,M,20-25,2023-10-03 15:48:18,2023-10-03 21:48:18,30.0
9434.0,Nathaniel,Silva,software engineer,F,20-25,2023-10-02 18:54:09,2023-10-02 19:54:09,30.0
5861.0,Kevin,Kaufman,anon,F,15-20,2023-10-03 08:45:04,2023-10-03 11:45:04,30.0
9967.0,Katrina,Davis,ust,M,25-30,2023-10-03 03:39:40,2023-10-03 06:39:40,30.0
2742.0,Rebecca,Burch,BPO,M,20-25,2023-10-03 14:32:00,2023-10-03 19:32:00,30.0
1938.0,John,Davis,software engineer,M,25-30,2023-10-02 22:38:13,2023-10-03 03:38:13,30.0
8427.0,James,Jones,ust,M,25-30,2023-10-03 05:15:17,2023-10-03 10:15:17,150.0
3378.0,Gary,Garcia,software engineer,F,40-above,2023-10-03 15:26:49,2023-10-03 18:26:49,60.0
1453.0,Breanna,Tapia,ust,M,20-25,2023-10-03 10:48:14,2023-10-03 15:48:14,180.0
8361.0,Tracy,Martinez,influencer,F,40-above,2023-10-03 08:48:08,2023-10-03 10:48:08,60.0
4887.0,Catherine,Smith,ust,M,25-30,2023-10-03 15:33:06,2023-10-03 17:03:06,90.0
7811.0,Juan,Morris,teacher,F,25-30,2023-10-03 00:16:11,2023-10-03 02:16:11,30.0
,,,teacher,M,20-25,2023-10-03 15:28:42,2023-10-03 20:28:42,
6767.0,Brianna,Schmidt,ust,F,20-25,2023-10-03 17:51:09,2023-10-03 20:51:09,90.0
8257.0,Cole,Thompson,BPO,M,20-25,2023-10-03 16:06:39,2023-10-03 18:06:39,60.0
1235.0,Gregory,Bates,software engineer,M,25-30,2023-10-03 06:31:31,2023-10-03 12:31:31,60.0
3112.0,Crystal,Poole,influencer,M,20-25,2023-10-03 05:39:30,2023-10-03 09:39:30,90.0
7652.0,Anthony,Goodman,tip,M,25-30,2023-10-02 20:53:06,2023-10-02 22:53:06,30.0
,,,influencer,F,15-20,2023-10-03 12:01:30,2023-10-03 15:01:30,
1318.0,Stephanie,King,ust,F,25-30,2023-10-03 14:11:33,2023-10-03 18:11:33,30.0
3974.0,Janice,Carroll,anon,M,15-20,2023-10-03 00:34:54,2023-10-03 05:34:54,90.0
3668.0,Gina,Jefferson,ust,F,40-above,2023-10-03 12:38:21,2023-10-03 13:38:21,30.0
5141.0,Lindsey,Turner,tip,M,15-20,2023-10-03 06:15:45,2023-10-03 09:15:45,60.0
3312.0,Vincent,Carter,adu,F,40-above,2023-10-03 03:58:23,2023-10-03 04:58:23,60.0
6801.0,Douglas,Solis,anon,F,15-20,2023-10-03 13:47:34,2023-10-03 16:47:34,30.0
4329.0,Michael,Porter,ust,M,15-20,2023-10-03 12:49:34,2023-10-03 16:49:34,90.0
4381.0,Brandon,Thompson,anon,M,25-30,2023-10-03 05:15:47,2023-10-03 08:15:47,150.0
5937.0,Wendy,Day,management,F,15-20,2023-10-03 04:37:29,2023-10-03 05:37:29,60.0
9980.0,Daniel,Mays,doctor,M,25-30,2023-10-03 13:39:37,2023-10-03 16:39:37,30.0
,,,software engineer,M,20-25,2023-10-03 14:40:57,2023-10-03 18:40:57,
7742.0,Anthony,Dunn,anon,F,15-20,2023-10-02 19:37:13,2023-10-02 21:07:13,30.0
1812.0,John,Robinson,feu,F,40-above,2023-10-02 19:37:40,2023-10-02 23:37:40,30.0
9290.0,Terri,Patel,anon,F,40-above,2023-10-02 20:28:10,2023-10-03 00:28:10,30.0
,,,tip,M,20-25,2023-10-03 00:47:56,2023-10-03 03:47:56,
9101.0,Christine,Stanley,BPO,F,20-25,2023-10-03 05:07:56,2023-10-03 11:07:56,150.0
,,,ust,F,25-30,2023-10-03 14:26:08,2023-10-03 19:26:08,
3798.0,Barbara,Thompson,anon,M,25-30,2023-10-03 06:14:59,2023-10-03 09:14:59,150.0
8714.0,Breanna,Williams,BPO,F,20-25,2023-10-03 13:17:48,2023-10-03 14:17:48,30.0
6041.0,Summer,Dickson,anon,M,15-20,2023-10-03 05:01:21,2023-10-03 08:01:21,180.0
,,,anon,F,20-25,2023-10-03 06:35:30,2023-10-03 08:35:30,
9287.0,Cassandra,Gonzalez,BPO,M,40-above,2023-10-03 03:34:07,2023-10-03 04:34:07,60.0
4571.0,Richard,Baker,BPO,F,40-above,2023-10-03 10:01:10,2023-10-03 13:01:10,120.0
5278.0,Robert,Carroll,doctor,F,25-30,2023-10-02 21:47:18,2023-10-03 02:47:18,150.0
1731.0,Susan,Hampton,ust,M,25-30,2023-10-03 15:05:39,2023-10-03 16:35:39,90.0
1799.0,Dana,Tapia,lawyer,F,25-30,2023-10-03 00:49:48,2023-10-03 02:19:48,30.0
,,,teacher,M,25-30,2023-10-03 01:24:51,2023-10-03 05:24:51,
5631.0,Emily,Bennett,BPO,F,15-20,2023-10-03 08:25:16,2023-10-03 14:25:16,150.0
7920.0,Randy,Mendoza,ust,F,15-20,2023-10-03 07:24:29,2023-10-03 10:24:29,120.0
,,,ust,M,20-25,2023-10-03 10:17:21,2023-10-03 13:17:21,
1342.0,Justin,Stewart,anon,M,20-25,2023-10-03 17:38:21,2023-10-03 20:38:21,30.0
,,,BPO,F,40-above,2023-10-03 06:33:25,2023-10-03 10:33:25,
6499.0,Sabrina,Wolfe,influencer,F,20-25,2023-10-03 12:55:45,2023-10-03 15:55:45,90.0
5779.0,Stephen,Navarro,adu,F,20-25,2023-10-03 10:15:28,2023-10-03 12:15:28,120.0
3452.0,David,Wu,software engineer,M,40-above,2023-10-03 04:56:47,2023-10-03 06:26:47,60.0
6638.0,Anthony,Montoya,feu,F,25-30,2023-10-03 04:39:55,2023-10-03 07:39:55,30.0
9649.0,Pamela,Bullock,anon,M,20-25,2023-10-03 12:17:26,2023-10-03 14:17:26,90.0
7838.0,Cynthia,Smith,ust,F,20-25,2023-10-03 12:54:52,2023-10-03 13:54:52,30.0
4747.0,Jose,Singh,software engineer,M,40-above,2023-10-03 14:28:17,2023-10-03 17:28:17,30.0
1588.0,William,Gamble,adu,M,40-above,2023-10-03 06:24:01,2023-10-03 10:24:01,60.0
4937.0,Joshua,Wolf,anon,M,40-above,2023-10-03 08:24:21,2023-10-03 09:54:21,30.0
8141.0,Eric,Hale,feu,F,20-25,2023-10-02 22:44:23,2023-10-03 00:14:23,30.0
1465.0,Betty,Levine,tip,F,40-above,2023-10-03 08:51:22,2023-10-03 14:51:22,30.0
7544.0,Melissa,Gomez,BPO,M,40-above,2023-10-02 20:36:32,2023-10-02 22:06:32,60.0
1386.0,Jonathan,Cameron,anon,M,40-above,2023-10-03 16:14:43,2023-10-03 18:14:43,60.0
1688.0,Bruce,Lynch,BPO,F,25-30,2023-10-03 14:24:12,2023-10-03 17:24:12,90.0
1897.0,Ashley,Williams,ust,M,20-25,2023-10-02 22:30:24,2023-10-03 04:30:24,60.0
3152.0,Peter,Hansen,feu,M,25-30,2023-10-03 01:58:34,2023-10-03 04:58:34,30.0
6863.0,Erika,Guerrero,anon,F,40-above,2023-10-03 01:06:48,2023-10-03 02:06:48,30.0
4831.0,Ashley,Robbins,adu,M,20-25,2023-10-02 23:47:02,2023-10-03 03:47:02,210.0
9185.0,Brian,Long,tip,M,20-25,2023-10-02 22:56:57,2023-10-03 01:56:57,30.0
7557.0,Erin,Fernandez,feu,M,40-above,2023-10-03 11:03:38,2023-10-03 15:03:38,30.0
8911.0,Destiny,Shields,teacher,F,20-25,2023-10-02 20:40:10,2023-10-02 22:10:10,30.0
3455.0,Austin,Gardner,software engineer,F,40-above,2023-10-03 08:07:32,2023-10-03 11:07:32,30.0
4188.0,Ryan,Copeland,ust,F,25-30,2023-10-02 19:52:13,2023-10-03 00:52:13,150.0
4672.0,Jeremy,Odonnell,influencer,M,20-25,2023-10-02 19:26:40,2023-10-02 20:26:40,30.0
7313.0,Carrie,Smith,influencer,F,25-30,2023-10-03 04:20:59,2023-10-03 07:20:59,30.0
8327.0,David,Castro,anon,F,15-20,2023-10-02 20:17:24,2023-10-03 01:17:24,30.0
2902.0,Mary,Nunez,software engineer,F,25-30,2023-10-02 22:28:39,2023-10-03 03:28:39,150.0
9910.0,William,Blair,software engineer,M,20-25,2023-10-03 14:38:18,2023-10-03 16:38:18,30.0
5305.0,Eileen,Wade,management,F,40-above,2023-10-03 02:00:24,2023-10-03 07:00:24,60.0
5874.0,Brian,Ray,anon,M,25-30,2023-10-03 02:00:53,2023-10-03 04:00:53,30.0
6714.0,Madison,Briggs,management,M,15-20,2023-10-03 13:19:41,2023-10-03 16:19:41,60.0
9699.0,Adam,Smith,anon,F,20-25,2023-10-03 14:23:42,2023-10-03 17:23:42,90.0
,,,software engineer,M,25-30,2023-10-03 00:00:44,2023-10-03 06:00:44,
5267.0,Mark,Woods,management,M,20-25,2023-10-03 10:06:05,2023-10-03 14:06:05,30.0
7629.0,Theresa,Jones,lawyer,F,20-25,2023-10-03 11:40:38,2023-10-03 14:40:38,30.0
5380.0,Erin,Wells,feu,F,15-20,2023-10-03 08:19:07,2023-10-03 10:19:07,30.0
7577.0,Christine,Murillo,adu,M,40-above,2023-10-02 19:14:42,2023-10-02 23:14:42,150.0
3928.0,Lauren,Valdez,influencer,M,15-20,2023-10-03 07:41:28,2023-10-03 09:11:28,30.0
3286.0,Rita,Blevins,ust,M,25-30,2023-10-02 23:35:31,2023-10-03 02:35:31,150.0
5105.0,John,Byrd,BPO,M,20-25,2023-10-03 01:50:15,2023-10-03 04:50:15,30.0
6619.0,Tristan,Roberson,software engineer,M,20-25,2023-10-03 02:03:57,2023-10-03 05:03:57,180.0
4760.0,Elizabeth,Rose,nurse,M,40-above,2023-10-02 22:48:26,2023-10-02 23:48:26,30.0
9445.0,Yvonne,Moss,teacher,F,25-30,2023-10-03 09:02:02,2023-10-03 14:02:02,120.0
8670.0,Jennifer,Rodriguez,management,M,25-30,2023-10-03 03:08:53,2023-10-03 05:08:53,30.0
,,,tip,M,20-25,2023-10-03 14:54:16,2023-10-03 19:54:16,
8646.0,Brian,Nelson,anon,M,40-above,2023-10-03 00:24:23,2023-10-03 05:24:23,120.0
8739.0,Cassandra,White,ust,F,20-25,2023-10-03 05:11:26,2023-10-03 08:11:26,30.0
8846.0,Matthew,Clark,doctor,M,20-25,2023-10-03 11:12:18,2023-10-03 14:12:18,30.0
9894.0,Dawn,Schmidt,anon,F,40-above,2023-10-03 08:19:16,2023-10-03 11:19:16,30.0
3567.0,Tracy,Herrera,tip,F,40-above,2023-10-03 00:23:14,2023-10-03 04:23:14,60.0
5192.0,David,Martin,anon,M,25-30,2023-10-02 23:56:06,2023-10-03 00:56:06,60.0
9225.0,Victor,Murphy,management,F,25-30,2023-10-02 23:52:58,2023-10-03 04:52:58,30.0
4339.0,Cameron,Gonzalez,software engineer,F,25-30,2023-10-03 09:58:25,2023-10-03 11:28:25,30.0
9221.0,Shawn,Santos,feu,M,40-above,2023-10-03 09:33:12,2023-10-03 14:33:12,240.0
2233.0,Daniel,Brown,ust,F,20-25,2023-10-02 21:26:46,2023-10-02 23:26:46,60.0
5886.0,Zachary,Bond,management,F,25-30,2023-10-03 11:38:53,2023-10-03 15:38:53,30.0
6418.0,Robin,Wilson,teacher,F,25-30,2023-10-03 02:27:03,2023-10-03 05:27:03,30.0
9570.0,Shaun,Keith,ust,M,15-20,2023-10-03 16:11:09,2023-10-03 19:11:09,180.0
8201.0,Stephen,Mullins,tip,M,40-above,2023-10-03 02:14:07,2023-10-03 05:14:07,150.0
4057.0,John,David,BPO,M,40-above,2023-10-03 08:39:41,2023-10-03 11:39:41,60.0
1099.0,Brett,Murphy,management,F,20-25,2023-10-02 20:56:45,2023-10-02 22:56:45,60.0
4476.0,Steven,Potts,tip,F,25-30,2023-10-03 02:22:00,2023-10-03 03:22:00,60.0
8958.0,Sharon,Martinez,tip,F,40-above,2023-10-03 16:19:38,2023-10-03 20:19:38,60.0
8327.0,Justin,Doyle,influencer,M,40-above,2023-10-03 13:38:43,2023-10-03 16:38:43,30.0
2922.0,Austin,Hunter,BPO,M,25-30,2023-10-02 21:34:00,2023-10-03 03:34:00,90.0
7681.0,Brittney,Cox,lawyer,M,15-20,2023-10-02 20:47:01,2023-10-03 00:47:01,180.0
2158.0,Richard,Wilson,management,M,40-above,2023-10-03 16:05:50,2023-10-03 17:35:50,60.0
,,,ust,M,40-above,2023-10-03 13:27:44,2023-10-03 14:27:44,
6686.0,Matthew,Harris,tip,M,25-30,2023-10-03 03:55:08,2023-10-03 07:55:08,30.0
3397.0,Catherine,Myers,anon,F,20-25,2023-10-02 22:39:20,2023-10-03 02:39:20,90.0
,,,nurse,F,40-above,2023-10-03 17:26:23,2023-10-03 21:26:23,
4212.0,Maxwell,Cooper,BPO,F,20-25,2023-10-03 08:29:38,2023-10-03 13:29:38,30.0
5252.0,Kelly,Kelly,adu,F,20-25,2023-10-02 19:25:31,2023-10-02 23:25:31,60.0
8783.0,Jennifer,Nichols,software engineer,F,25-30,2023-10-03 16:21:43,2023-10-03 20:21:43,120.0
4828.0,Kevin,Miller,ust,M,20-25,2023-10-03 04:02:52,2023-10-03 05:32:52,30.0
5204.0,Logan,Davis,tip,M,25-30,2023-10-03 09:43:32,2023-10-03 12:43:32,60.0
6782.0,Peter,Le,anon,F,40-above,2023-10-03 11:55:49,2023-10-03 16:55:49,120.0
3677.0,Jennifer,Wang,adu,M,15-20,2023-10-03 04:14:42,2023-10-03 06:14:42,30.0
3105.0,James,Peterson,ust,F,40-above,2023-10-02 21:38:52,2023-10-02 23:38:52,120.0
2686.0,Scott,Anderson,influencer,F,25-30,2023-10-03 14:46:51,2023-10-03 19:46:51,30.0
3550.0,Ryan,Vasquez,management,M,15-20,2023-10-02 18:50:46,2023-10-02 22:50:46,150.0
6460.0,Larry,Jones,ust,M,40-above,2023-10-02 20:38:29,2023-10-02 22:08:29,90.0
5499.0,Sarah,Edwards,ust,M,25-30,2023-10-03 06:17:24,2023-10-03 08:17:24,120.0
9382.0,Christopher,Lopez,ust,M,15-20,2023-10-03 01:48:13,2023-10-03 03:18:13,30.0
4352.0,Joseph,King,software engineer,M,25-30,2023-10-03 03:56:31,2023-10-03 07:56:31,180.0
6170.0,Kelly,Walker,adu,M,25-30,2023-10-02 22:57:51,2023-10-03 02:57:51,30.0
1115.0,Daniel,Brown,ust,F,25-30,2023-10-03 04:09:56,2023-10-03 06:09:56,90.0
6589.0,Laurie,Le,feu,F,20-25,2023-10-03 12:11:38,2023-10-03 15:11:38,90.0
7161.0,Kevin,Robinson,ust,M,40-above,2023-10-03 08:00:58,2023-10-03 12:00:58,90.0
1777.0,Kyle,Olson,anon,M,25-30,2023-10-03 03:40:09,2023-10-03 04:40:09,30.0
9918.0,Gerald,Phelps,anon,F,15-20,2023-10-03 00:33:06,2023-10-03 06:33:06,30.0
5524.0,Nicholas,Jones,ust,M,25-30,2023-10-03 13:18:00,2023-10-03 14:18:00,30.0
5685.0,Melissa,Brown,software engineer,F,25-30,2023-10-02 23:50:49,2023-10-03 02:50:49,30.0
8184.0,Brett,Taylor,tip,F,25-30,2023-10-03 07:21:46,2023-10-03 13:21:46,330.0
9569.0,Kristi,Fuller,feu,F,25-30,2023-10-03 05:38:09,2023-10-03 07:38:09,120.0
5056.0,Edward,Montgomery,ust,M,15-20,2023-10-03 00:33:01,2023-10-03 03:33:01,180.0
9793.0,John,Figueroa,anon,F,40-above,2023-10-03 05:56:19,2023-10-03 11:56:19,30.0
5861.0,Brandy,Santana,BPO,F,40-above,2023-10-03 09:37:29,2023-10-03 15:37:29,60.0
7910.0,Kevin,Smith,BPO,M,25-30,2023-10-02 21:12:48,2023-10-03 01:12:48,90.0
8764.0,Jody,Lopez,ust,F,25-30,2023-10-03 11:47:01,2023-10-03 12:47:01,30.0
7443.0,Michael,Turner,feu,F,20-25,2023-10-03 06:58:19,2023-10-03 11:58:19,30.0
5639.0,Gloria,Evans,anon,F,20-25,2023-10-03 07:38:13,2023-10-03 10:38:13,60.0
6637.0,Corey,Martinez,tip,M,20-25,2023-10-03 01:35:47,2023-10-03 06:35:47,180.0
6652.0,Savannah,Nichols,tip,M,15-20,2023-10-03 09:57:19,2023-10-03 14:57:19,60.0
3108.0,Donald,Hunter,BPO,M,40-above,2023-10-03 00:26:51,2023-10-03 04:26:51,150.0
9137.0,Rose,Gonzalez,feu,M,20-25,2023-10-03 09:49:09,2023-10-03 12:49:09,180.0
4942.0,Michael,Powers,influencer,F,25-30,2023-10-03 10:46:57,2023-10-03 14:46:57,60.0
9577.0,Tina,Grimes,ust,F,25-30,2023-10-03 07:05:25,2023-10-03 09:05:25,30.0
9773.0,Shane,Gutierrez,BPO,F,25-30,2023-10-03 01:46:36,2023-10-03 04:46:36,90.0
,,,anon,M,25-30,2023-10-03 17:56:06,2023-10-03 19:56:06,
1117.0,Charles,Gray,ust,F,25-30,2023-10-03 17:32:20,2023-10-03 21:32:20,30.0
2798.0,Timothy,Hicks,influencer,M,25-30,2023-10-03 02:51:42,2023-10-03 05:51:42,180.0
7194.0,Zachary,Ray,nurse,F,40-above,2023-10-03 01:47:24,2023-10-03 02:47:24,60.0
3053.0,Terrence,Evans,feu,M,25-30,2023-10-03 18:11:01,2023-10-03 19:41:01,90.0
3667.0,Sarah,Tucker,anon,M,40-above,2023-10-03 07:01:46,2023-10-03 10:01:46,120.0
7348.0,Todd,Richards,adu,M,20-25,2023-10-03 08:14:49,2023-10-03 09:44:49,60.0
5861.0,Laurie,Rodgers,ust,F,40-above,2023-10-03 18:40:23,2023-10-03 23:40:23,30.0
9873.0,Rodney,Hicks,adu,F,15-20,2023-10-03 08:05:51,2023-10-03 12:05:51,30.0
9879.0,Mindy,Thomas,lawyer,F,20-25,2023-10-02 19:52:10,2023-10-03 00:52:10,60.0
7477.0,Darius,Nelson,feu,M,20-25,2023-10-02 21:06:17,2023-10-02 22:06:17,30.0
3211.0,Meredith,Davis,influencer,F,15-20,2023-10-03 02:36:18,2023-10-03 03:36:18,30.0
1369.0,Danielle,Stein,lawyer,F,15-20,2023-10-03 00:30:15,2023-10-03 02:00:15,30.0
4521.0,Nathan,Taylor,software engineer,F,20-25,2023-10-03 04:17:57,2023-10-03 09:17:57,30.0
5949.0,Michelle,Conley,anon,F,25-30,2023-10-03 09:23:59,2023-10-03 11:23:59,60.0
4997.0,Jason,Murphy,feu,F,25-30,2023-10-02 23:45:24,2023-10-03 03:45:24,90.0
5040.0,Patrick,Watson,ust,F,20-25,2023-10-03 00:34:20,2023-10-03 01:34:20,30.0
7656.0,Joshua,Scott,anon,F,25-30,2023-10-03 16:04:28,2023-10-03 19:04:28,30.0
,,,ust,F,40-above,2023-10-03 09:14:40,2023-10-03 14:14:40,
4768.0,Kevin,Mueller,ust,M,15-20,2023-10-03 09:17:19,2023-10-03 14:17:19,60.0
6775.0,Joseph,James,software engineer,M,40-above,2023-10-03 18:44:11,2023-10-03 22:44:11,30.0
4946.0,Jimmy,Jensen,feu,M,40-above,2023-10-03 06:21:14,2023-10-03 10:21:14,120.0
6613.0,Samuel,Wilson,doctor,F,20-25,2023-10-02 22:36:11,2023-10-03 03:36:11,30.0
3324.0,Andrew,Murray,anon,M,15-20,2023-10-03 05:10:53,2023-10-03 06:40:53,60.0
8966.0,Linda,Anderson,lawyer,M,40-above,2023-10-03 00:52:47,2023-10-03 03:52:47,30.0
7288.0,Brian,Benson,BPO,M,25-30,2023-10-02 21:00:02,2023-10-03 01:00:02,30.0
8276.0,Katherine,Hernandez,software engineer,F,15-20,2023-10-03 15:12:15,2023-10-03 20:12:15,60.0
6991.0,Keith,Anderson,anon,F,40-above,2023-10-03 03:40:59,2023-10-03 07:40:59,150.0
6167.0,Kyle,Roth,doctor,F,25-30,2023-10-03 12:57:50,2023-10-03 14:57:50,60.0
3141.0,Megan,Turner,ust,F,40-above,2023-10-03 16:22:30,2023-10-03 19:22:30,30.0
3464.0,Kristy,Morton,ust,F,40-above,2023-10-02 23:12:59,2023-10-03 00:12:59,60.0
3140.0,Thomas,Scott,BPO,F,40-above,2023-10-03 15:55:41,2023-10-03 16:55:41,30.0
8383.0,Wesley,Gray,ust,M,25-30,2023-10-03 11:02:44,2023-10-03 15:02:44,30.0
5071.0,Katelyn,Whitehead,ust,M,20-25,2023-10-03 18:37:09,2023-10-03 19:37:09,30.0
9877.0,Mary,Gibbs,lawyer,F,20-25,2023-10-03 13:24:58,2023-10-03 19:24:58,60.0
6292.0,Katrina,Morris,influencer,M,40-above,2023-10-03 14:09:21,2023-10-03 15:09:21,30.0
6006.0,Lindsey,Duarte,lawyer,F,40-above,2023-10-03 02:44:33,2023-10-03 04:44:33,30.0
,,,influencer,F,20-25,2023-10-03 18:34:24,2023-10-03 20:04:24,
3684.0,Christina,Garner,influencer,F,40-above,2023-10-02 23:17:19,2023-10-03 04:17:19,120.0
3766.0,Krista,Hood,BPO,F,15-20,2023-10-03 14:21:37,2023-10-03 18:21:37,30.0
7972.0,Jasmine,Alvarado,teacher,M,25-30,2023-10-03 01:40:12,2023-10-03 05:40:12,30.0
6085.0,Tanya,Lawson,BPO,M,40-above,2023-10-03 07:38:50,2023-10-03 11:38:50,60.0
6236.0,Michael,Brown,ust,M,25-30,2023-10-03 14:46:46,2023-10-03 18:46:46,90.0
5187.0,Calvin,Bautista,tip,F,20-25,2023-10-03 06:18:43,2023-10-03 09:18:43,90.0
9900.0,Todd,Hickman,anon,M,25-30,2023-10-03 08:29:29,2023-10-03 11:29:29,90.0
1719.0,Alejandra,Avery,teacher,F,20-25,2023-10-03 00:38:25,2023-10-03 02:08:25,30.0
7850.0,Lisa,Hamilton,tip,F,20-25,2023-10-03 11:53:15,2023-10-03 16:53:15,150.0
3915.0,Karen,Leon,anon,F,25-30,2023-10-03 07:57:04,2023-10-03 12:57:04,60.0
7416.0,Matthew,Allen,BPO,M,40-above,2023-10-03 03:29:21,2023-10-03 06:29:21,30.0
9191.0,Robert,Sweeney,management,F,25-30,2023-10-03 02:50:18,2023-10-03 04:50:18,30.0
4690.0,Joshua,Robinson,lawyer,M,25-30,2023-10-03 11:43:49,2023-10-03 13:13:49,30.0
3961.0,Stephanie,Rosales,ust,F,40-above,2023-10-03 10:50:18,2023-10-03 13:50:18,90.0
6067.0,Gregory,Wolf,ust,F,40-above,2023-10-03 02:32:59,2023-10-03 04:02:59,60.0
,,,adu,F,20-25,2023-10-02 19:27:00,2023-10-02 23:27:00,
3852.0,Jared,Smith,tip,M,20-25,2023-10-03 16:29:48,2023-10-03 17:59:48,60.0
5224.0,Pamela,Charles,BPO,M,20-25,2023-10-03 03:00:32,2023-10-03 06:00:32,30.0
2493.0,Stephanie,Casey,adu,M,15-20,2023-10-03 12:35:02,2023-10-03 15:35:02,30.0
4055.0,Timothy,Collins,anon,M,15-20,2023-10-02 18:59:45,2023-10-02 22:59:45,60.0
8070.0,Bradley,Brown,anon,F,40-above,2023-10-03 07:50:07,2023-10-03 12:50:07,30.0
5592.0,Karen,Johnson,ust,M,25-30,2023-10-03 07:43:07,2023-10-03 11:43:07,60.0
2302.0,Cynthia,Brandt,feu,M,40-above,2023-10-02 23:07:50,2023-10-03 03:07:50,30.0
4464.0,Brandon,Owens,anon,F,25-30,2023-10-03 07:14:31,2023-10-03 10:14:31,30.0
7073.0,Terry,Owens,BPO,M,25-30,2023-10-03 14:16:03,2023-10-03 15:46:03,30.0
7219.0,Juan,Freeman,ust,M,20-25,2023-10-03 13:06:46,2023-10-03 16:06:46,60.0
,,,ust,F,25-30,2023-10-03 05:01:31,2023-10-03 10:01:31,
1247.0,Jessica,Roberts,adu,F,40-above,2023-10-03 17:18:15,2023-10-03 20:18:15,60.0
,,,lawyer,M,25-30,2023-10-02 22:29:04,2023-10-02 23:59:04,
2501.0,Brenda,Fletcher,lawyer,M,25-30,2023-10-03 15:35:42,2023-10-03 17:35:42,30.0
8682.0,Sarah,Barrett,adu,F,40-above,2023-10-03 14:37:49,2023-10-03 17:37:49,150.0
3028.0,Caitlyn,Mendoza,feu,M,25-30,2023-10-03 16:20:28,2023-10-03 17:20:28,60.0
1404.0,Jessica,Cooper,ust,M,20-25,2023-10-02 20:42:23,2023-10-03 00:42:23,120.0
5114.0,Jennifer,Madden,doctor,F,20-25,2023-10-02 22:22:43,2023-10-03 02:22:43,30.0
,,,anon,F,25-30,2023-10-02 22:26:28,2023-10-03 01:26:28,
2576.0,Tyler,Knox,ust,F,20-25,2023-10-03 18:42:12,2023-10-03 19:42:12,30.0
6615.0,James,Mcintyre,management,M,25-30,2023-10-02 23:21:09,2023-10-03 02:21:09,30.0
4205.0,Nathan,Rogers,BPO,M,20-25,2023-10-02 20:02:51,2023-10-02 21:02:51,30.0
5402.0,James,Ramirez,ust,M,25-30,2023-10-03 06:41:49,2023-10-03 09:41:49,120.0
5526.0,Leslie,Thompson,BPO,M,25-30,2023-10-03 00:32:44,2023-10-03 01:32:44,60.0
2692.0,Kathryn,Phillips,ust,F,15-20,2023-10-03 18:42:40,2023-10-03 23:42:40,30.0
5490.0,Timothy,Clayton,lawyer,F,25-30,2023-10-03 13:49:16,2023-10-03 16:49:16,60.0
5666.0,Jonathan,Phelps,influencer,F,20-25,2023-10-03 17:14:03,2023-10-03 19:14:03,120.0
8484.0,Belinda,Evans,BPO,F,15-20,2023-10-03 17:34:06,2023-10-03 19:34:06,60.0
2486.0,Jeremy,Singleton,anon,M,25-30,2023-10-03 14:49:19,2023-10-03 17:49:19,150.0
9498.0,Eric,Moore,software engineer,F,40-above,2023-10-02 19:13:09,2023-10-02 22:13:09,30.0
,,,doctor,M,25-30,2023-10-03 15:49:33,2023-10-03 17:19:33,
3650.0,Mark,Russell,BPO,M,15-20,2023-10-03 14:52:30,2023-10-03 16:22:30,30.0
,,,ust,M,15-20,2023-10-03 00:54:07,2023-10-03 04:54:07,
7908.0,Meghan,Lewis,BPO,M,25-30,2023-10-03 08:12:05,2023-10-03 10:12:05,30.0
5154.0,Gregory,Lawrence,influencer,M,25-30,2023-10-03 15:55:22,2023-10-03 19:55:22,180.0
2743.0,Lydia,Bell,influencer,F,40-above,2023-10-02 19:52:14,2023-10-02 21:52:14,90.0
9901.0,Juan,Marshall,anon,F,25-30,2023-10-03 04:16:45,2023-10-03 10:16:45,30.0
2410.0,Angela,Taylor,ust,M,15-20,2023-10-02 19:26:45,2023-10-02 20:56:45,30.0
9365.0,Edward,Barnett,ust,F,25-30,2023-10-03 13:40:42,2023-10-03 15:10:42,30.0
4876.0,Christine,Mills,BPO,M,20-25,2023-10-03 10:37:18,2023-10-03 14:37:18,150.0
3830.0,Scott,Reid,management,M,15-20,2023-10-02 21:47:13,2023-10-02 23:47:13,30.0
2680.0,Eileen,Riley,ust,M,20-25,2023-10-03 05:11:57,2023-10-03 10:11:57,60.0
8579.0,Anthony,Clark,BPO,F,40-above,2023-10-03 04:43:48,2023-10-03 08:43:48,30.0
,,,lawyer,F,25-30,2023-10-03 13:54:57,2023-10-03 15:24:57,
8521.0,Jill,Montgomery,adu,F,25-30,2023-10-03 08:36:47,2023-10-03 10:36:47,30.0
4952.0,Jessica,Ponce,BPO,M,15-20,2023-10-03 16:45:27,2023-10-03 19:45:27,30.0
6267.0,Angela,Waters,ust,M,25-30,2023-10-03 04:48:29,2023-10-03 09:48:29,240.0
2632.0,Jennifer,Martin,BPO,F,25-30,2023-10-02 18:58:01,2023-10-02 20:28:01,90.0
8745.0,Laura,Garner,ust,M,20-25,2023-10-03 15:05:37,2023-10-03 16:35:37,30.0
4123.0,Adam,Jackson,anon,M,20-25,2023-10-03 07:51:21,2023-10-03 09:51:21,60.0
7478.0,Tracy,Rice,adu,F,40-above,2023-10-03 03:28:00,2023-10-03 08:28:00,120.0
4782.0,John,Johnson,nurse,F,40-above,2023-10-02 18:53:04,2023-10-02 21:53:04,180.0
4269.0,Julie,Fitzgerald,ust,F,20-25,2023-10-02 20:14:49,2023-10-02 22:14:49,30.0
6646.0,Sharon,Mclean,ust,M,15-20,2023-10-03 07:14:47,2023-10-03 12:14:47,150.0
7414.0,Jackson,Casey,software engineer,M,15-20,2023-10-03 10:12:54,2023-10-03 11:12:54,30.0
6827.0,Paul,Tran,adu,M,25-30,2023-10-03 18:07:20,2023-10-03 20:07:20,120.0
9396.0,Louis,Martinez,feu,F,25-30,2023-10-02 23:16:57,2023-10-03 00:16:57,30.0
8832.0,Mary,Edwards,adu,M,25-30,2023-10-03 05:41:00,2023-10-03 09:41:00,60.0
,,,anon,M,15-20,2023-10-03 17:50:58,2023-10-03 22:50:58,
9812.0,William,Perkins,teacher,M,20-25,2023-10-03 13:36:58,2023-10-03 16:36:58,120.0
7662.0,Amy,Jordan,BPO,F,25-30,2023-10-03 16:21:01,2023-10-03 17:21:01,60.0
1461.0,Luis,Cameron,tip,F,15-20,2023-10-02 18:57:31,2023-10-02 20:57:31,90.0
7725.0,Kellie,Cruz,ust,F,40-above,2023-10-03 07:26:25,2023-10-03 09:26:25,120.0
8082.0,John,Myers,BPO,M,40-above,2023-10-02 22:20:44,2023-10-03 03:20:44,90.0
2737.0,Kimberly,Ross,feu,M,20-25,2023-10-02 21:05:12,2023-10-02 22:05:12,30.0
7145.0,Ashley,Fuller,nurse,F,25-30,2023-10-02 20:04:44,2023-10-02 23:04:44,30.0
7096.0,Mallory,Mccarthy,ust,M,25-30,2023-10-03 04:36:46,2023-10-03 08:36:46,60.0
2936.0,Steven,Brown,adu,M,40-above,2023-10-02 20:23:31,2023-10-02 23:23:31,120.0
1884.0,Michael,Ibarra,feu,M,25-30,2023-10-03 00:41:23,2023-10-03 03:41:23,30.0
2198.0,Mercedes,Watkins,ust,F,25-30,2023-10-02 22:10:45,2023-10-03 00:10:45,60.0
1630.0,Bradley,Wallace,BPO,F,20-25,2023-10-03 01:45:53,2023-10-03 04:45:53,30.0
5399.0,Cheryl,Bradley,anon,M,40-above,2023-10-03 05:43:53,2023-10-03 09:43:53,150.0
2229.0,David,Williams,doctor,M,20-25,2023-10-03 05:24:39,2023-10-03 06:54:39,30.0
8421.0,Allison,Hebert,lawyer,M,15-20,2023-10-03 05:13:56,2023-10-03 08:13:56,60.0
8006.0,Jose,Mendoza,tip,F,20-25,2023-10-02 19:14:51,2023-10-02 20:44:51,60.0
4437.0,Michele,Sims,ust,F,25-30,2023-10-03 04:03:17,2023-10-03 06:03:17,30.0
1214.0,Mary,Valencia,anon,M,20-25,2023-10-03 16:47:52,2023-10-03 20:47:52,90.0
5810.0,Charles,Hill,teacher,F,15-20,2023-10-02 23:48:02,2023-10-03 03:48:02,30.0
2336.0,Deborah,Larson,BPO,M,20-25,2023-10-03 11:23:42,2023-10-03 14:23:42,90.0
5591.0,Lisa,Scott,lawyer,M,40-above,2023-10-03 04:26:52,2023-10-03 08:26:52,60.0
9831.0,Samantha,Morris,anon,F,15-20,2023-10-03 00:45:11,2023-10-03 04:45:11,30.0
9054.0,John,Walsh,BPO,M,40-above,2023-10-03 05:17:15,2023-10-03 08:17:15,30.0
5214.0,Kara,Banks,anon,M,20-25,2023-10-03 02:42:28,2023-10-03 04:42:28,30.0
4883.0,Jeffrey,Olson,ust,M,20-25,2023-10-02 22:30:51,2023-10-03 00:30:51,30.0
6187.0,Connie,Sanchez,nurse,M,20-25,2023-10-03 16:14:31,2023-10-03 21:14:31,90.0
1459.0,David,Khan,adu,F,40-above,2023-10-03 01:40:48,2023-10-03 04:40:48,30.0
3972.0,Stephanie,Sanchez,BPO,M,25-30,2023-10-03 17:22:46,2023-10-03 21:22:46,30.0
9925.0,Leon,Edwards,anon,M,20-25,2023-10-03 04:31:40,2023-10-03 07:31:40,60.0
2088.0,Anthony,Griffin,anon,M,25-30,2023-10-02 19:24:06,2023-10-02 21:24:06,60.0
7127.0,Jennifer,Hunter,adu,M,40-above,2023-10-03 01:20:24,2023-10-03 03:20:24,90.0
6426.0,Jacob,Brown,ust,F,25-30,2023-10-03 08:04:47,2023-10-03 09:34:47,30.0
6880.0,Jon,Figueroa,teacher,M,40-above,2023-10-02 20:57:26,2023-10-03 00:57:26,30.0
8790.0,Stephanie,Clark,tip,M,20-25,2023-10-03 01:36:45,2023-10-03 03:06:45,30.0
8422.0,Wanda,Armstrong,anon,M,25-30,2023-10-03 13:38:18,2023-10-03 18:38:18,120.0
4809.0,Sara,Holder,anon,F,25-30,2023-10-03 13:45:46,2023-10-03 16:45:46,30.0
2115.0,Maria,Singh,anon,M,20-25,2023-10-03 13:45:18,2023-10-03 17:45:18,30.0
7218.0,Melissa,Estes,software engineer,F,40-above,2023-10-03 10:10:37,2023-10-03 14:10:37,240.0
5477.0,Steven,Ramirez,nurse,M,20-25,2023-10-03 00:38:28,2023-10-03 04:38:28,60.0
2743.0,John,Morrison,nurse,M,20-25,2023-10-02 21:01:40,2023-10-03 00:01:40,60.0
3499.0,Cassandra,Tucker,anon,M,20-25,2023-10-03 17:02:06,2023-10-03 20:02:06,30.0
3969.0,Jason,Smith,BPO,F,25-30,2023-10-03 13:33:32,2023-10-03 18:33:32,180.0
6254.0,Melissa,Phillips,anon,F,40-above,2023-10-03 05:26:03,2023-10-03 08:26:03,30.0
9979.0,Bryan,Anderson,feu,F,40-above,2023-10-03 07:16:39,2023-10-03 11:16:39,30.0
9168.0,Claudia,Flores,BPO,F,25-30,2023-10-03 16:27:09,2023-10-03 20:27:09,210.0
5793.0,Laura,Carpenter,nurse,F,25-30,2023-10-03 01:32:48,2023-10-03 02:32:48,30.0
4157.0,Deborah,Gonzalez,doctor,M,40-above,2023-10-03 09:14:23,2023-10-03 14:14:23,120.0
2447.0,James,Farley,anon,M,15-20,2023-10-02 19:59:10,2023-10-02 22:59:10,150.0
9348.0,Janet,Malone,BPO,M,15-20,2023-10-02 22:36:28,2023-10-03 01:36:28,30.0
1969.0,David,Holland,teacher,M,15-20,2023-10-03 01:31:12,2023-10-03 03:31:12,30.0
5711.0,Randall,King,ust,M,40-above,2023-10-03 15:44:46,2023-10-03 19:44:46,60.0
1483.0,Paul,White,management,F,20-25,2023-10-03 07:08:15,2023-10-03 09:08:15,90.0
5988.0,Sarah,Glass,anon,M,25-30,2023-10-03 15:25:32,2023-10-03 16:55:32,30.0
2751.0,Katherine,Lee,ust,M,25-30,2023-10-03 03:36:49,2023-10-03 07:36:49,30.0
6589.0,Joshua,Barrett,influencer,F,40-above,2023-10-03 18:30:31,2023-10-03 21:30:31,60.0
8415.0,Clinton,Pierce,anon,F,25-30,2023-10-03 14:56:28,2023-10-03 20:56:28,30.0
8140.0,Juan,Yates,anon,M,25-30,2023-10-02 20:50:21,2023-10-02 22:50:21,60.0
7724.0,Ryan,Miller,anon,F,25-30,2023-10-02 19:04:32,2023-10-02 23:04:32,30.0
7193.0,Christy,Smith,ust,M,15-20,2023-10-03 07:16:14,2023-10-03 11:16:14,120.0
3141.0,Susan,Kim,BPO,F,15-20,2023-10-03 14:33:36,2023-10-03 15:33:36,30.0
7617.0,Kristin,Rogers,lawyer,F,15-20,2023-10-03 03:03:19,2023-10-03 06:03:19,60.0
6802.0,Gabriel,King,BPO,M,40-above,2023-10-02 23:15:47,2023-10-03 02:15:47,30.0
7040.0,Douglas,Mendoza,BPO,M,40-above,2023-10-02 22:41:54,2023-10-03 02:41:54,120.0
2006.0,Kenneth,Kennedy,ust,M,20-25,2023-10-03 17:20:59,2023-10-03 20:20:59,30.0
2227.0,Steven,Jennings,anon,M,15-20,2023-10-03 16:14:08,2023-10-03 19:14:08,60.0
2559.0,Maria,Fischer,tip,F,20-25,2023-10-02 20:29:36,2023-10-02 21:29:36,30.0
,,,adu,M,40-above,2023-10-03 13:57:52,2023-10-03 15:27:52,
5857.0,Kevin,Mooney,management,F,20-25,2023-10-02 22:16:05,2023-10-03 00:16:05,90.0
8021.0,Amy,Armstrong,ust,F,20-25,2023-10-03 14:46:02,2023-10-03 18:46:02,30.0
7246.0,Carl,Little,anon,F,20-25,2023-10-03 06:34:37,2023-10-03 08:04:37,60.0
2375.0,Anthony,Price,BPO,F,40-above,2023-10-02 22:42:01,2023-10-03 00:42:01,90.0
2301.0,Jonathan,Hill,adu,F,25-30,2023-10-03 07:08:26,2023-10-03 08:08:26,60.0
1979.0,Clarence,Downs,teacher,F,25-30,2023-10-03 11:21:21,2023-10-03 17:21:21,30.0
7190.0,Patrick,Greene,BPO,F,40-above,2023-10-03 18:42:38,2023-10-03 23:42:38,30.0
6341.0,Victoria,Chang,adu,F,25-30,2023-10-03 09:10:12,2023-10-03 12:10:12,30.0
2803.0,Justin,Ramirez,anon,M,15-20,2023-10-03 12:46:40,2023-10-03 16:46:40,60.0
9192.0,Albert,Moreno,ust,F,25-30,2023-10-03 15:27:57,2023-10-03 19:27:57,210.0
7764.0,Emily,Taylor,software engineer,M,15-20,2023-10-03 15:51:53,2023-10-03 17:21:53,30.0
8352.0,Madeline,Hansen,nurse,F,25-30,2023-10-03 11:16:08,2023-10-03 12:16:08,30.0
9784.0,Jose,Contreras,ust,M,20-25,2023-10-03 02:22:03,2023-10-03 05:22:03,90.0
9285.0,Jared,Hester,ust,M,25-30,2023-10-03 10:50:30,2023-10-03 12:20:30,90.0
4505.0,Russell,Padilla,teacher,F,25-30,2023-10-03 18:41:06,2023-10-03 21:41:06,60.0
2721.0,Harry,Andrade,nurse,F,20-25,2023-10-03 02:45:00,2023-10-03 06:45:00,30.0
9773.0,Carolyn,Johnson,feu,F,25-30,2023-10-03 16:18:45,2023-10-03 17:48:45,30.0
7669.0,Christopher,Johnson,anon,M,40-above,2023-10-03 00:31:09,2023-10-03 04:31:09,30.0
3345.0,Mark,West,lawyer,F,25-30,2023-10-02 20:53:58,2023-10-02 22:53:58,30.0
7992.0,Kimberly,Jones,BPO,F,20-25,2023-10-03 12:35:06,2023-10-03 14:05:06,90.0
8764.0,Brian,Noble,software engineer,M,15-20,2023-10-03 04:32:36,2023-10-03 09:32:36,60.0
7806.0,Amanda,Tran,tip,M,25-30,2023-10-03 07:04:52,2023-10-03 12:04:52,90.0
4849.0,Joseph,Coffey,BPO,F,15-20,2023-10-03 11:42:59,2023-10-03 16:42:59,90.0
2745.0,Vicki,Jarvis,ust,M,25-30,2023-10-03 12:58:17,2023-10-03 14:28:17,30.0
2305.0,Amanda,Peck,adu,M,15-20,2023-10-03 13:50:40,2023-10-03 16:50:40,30.0
5078.0,Alexis,Rodriguez,management,M,20-25,2023-10-03 10:28:07,2023-10-03 15:28:07,30.0
4948.0,Jacqueline,Barrett,anon,M,25-30,2023-10-02 19:11:08,2023-10-03 00:11:08,30.0
4174.0,John,Hines,ust,M,20-25,2023-10-03 15:54:39,2023-10-03 16:54:39,30.0
5967.0,Derrick,Zimmerman,feu,F,25-30,2023-10-03 16:19:41,2023-10-03 19:19:41,30.0
1925.0,Lynn,Arias,tip,M,40-above,2023-10-02 20:12:46,2023-10-02 22:12:46,60.0
6326.0,Shelley,Elliott,anon,M,25-30,2023-10-02 18:49:41,2023-10-02 21:49:41,30.0
3045.0,Wendy,Adams,ust,M,25-30,2023-10-03 18:17:41,2023-10-03 21:17:41,60.0
5259.0,Alexis,Baker,ust,M,20-25,2023-10-02 21:19:25,2023-10-02 22:19:25,60.0
1368.0,Cynthia,Duran,software engineer,F,20-25,2023-10-03 05:44:25,2023-10-03 07:44:25,120.0
5284.0,Daniel,Fisher,anon,F,25-30,2023-10-03 18:34:32,2023-10-03 23:34:32,30.0
3759.0,Karina,Stanton,influencer,F,25-30,2023-10-03 03:26:03,2023-10-03 07:26:03,60.0
,,,ust,F,25-30,2023-10-03 07:33:37,2023-10-03 12:33:37,
5639.0,Timothy,Aguilar,feu,F,20-25,2023-10-03 06:30:40,2023-10-03 11:30:40,240.0
7860.0,John,Carson,influencer,F,15-20,2023-10-02 23:11:46,2023-10-03 01:11:46,60.0
9367.0,Noah,Bray,BPO,F,40-above,2023-10-03 17:46:33,2023-10-03 19:46:33,60.0
6833.0,Mark,Clark,software engineer,F,25-30,2023-10-03 14:32:54,2023-10-03 20:32:54,60.0
3409.0,Tamara,Walton,ust,M,40-above,2023-10-02 21:52:17,2023-10-03 01:52:17,30.0
3884.0,Crystal,Walker,ust,F,25-30,2023-10-03 18:05:17,2023-10-03 19:35:17,60.0
3790.0,Ethan,Paul,BPO,F,40-above,2023-10-03 10:17:48,2023-10-03 12:17:48,30.0
8224.0,Dawn,Nelson,ust,F,25-30,2023-10-02 20:31:52,2023-10-03 00:31:52,60.0
9800.0,Kimberly,Davis,ust,M,15-20,2023-10-02 20:47:40,2023-10-02 21:47:40,60.0
7317.0,Jared,Brown,feu,F,40-above,2023-10-02 22:21:01,2023-10-03 01:21:01,30.0
8991.0,Christy,Irwin,software engineer,M,40-above,2023-10-03 11:14:27,2023-10-03 15:14:27,30.0
4509.0,Benjamin,Schmidt,software engineer,F,40-above,2023-10-03 09:28:45,2023-10-03 14:28:45,210.0
1028.0,Lisa,Macdonald,adu,M,15-20,2023-10-02 18:56:54,2023-10-02 20:56:54,60.0
7413.0,Andrea,Oliver,feu,F,40-above,2023-10-03 14:02:37,2023-10-03 20:02:37,90.0
6815.0,Laura,Hicks,ust,M,20-25,2023-10-03 06:21:03,2023-10-03 10:21:03,150.0
8178.0,Susan,Wang,feu,M,20-25,2023-10-03 00:56:04,2023-10-03 03:56:04,120.0
7051.0,Debra,Everett,tip,M,25-30,2023-10-03 08:28:14,2023-10-03 10:28:14,30.0
3101.0,Andrew,Foster,doctor,F,20-25,2023-10-03 07:14:00,2023-10-03 10:14:00,150.0
5426.0,Brett,Medina,anon,F,40-above,2023-10-03 09:30:47,2023-10-03 13:30:47,30.0
3322.0,Jennifer,Todd,ust,M,40-above,2023-10-02 21:48:50,2023-10-03 02:48:50,60.0
9570.0,Kimberly,Ayers,nurse,M,25-30,2023-10-03 07:12:27,2023-10-03 08:12:27,30.0
6943.0,Tanya,Rich,feu,M,40-above,2023-10-03 00:46:54,2023-10-03 02:16:54,30.0
5514.0,Jeffrey,Garcia,BPO,F,20-25,2023-10-02 19:44:16,2023-10-03 01:44:16,30.0
1937.0,Stacy,Solis,anon,M,40-above,2023-10-02 19:44:50,2023-10-03 01:44:50,30.0
7382.0,Rebecca,Bryant,BPO,M,20-25,2023-10-03 06:15:59,2023-10-03 07:15:59,30.0
4110.0,Connor,Arnold,ust,F,20-25,2023-10-03 12:52:29,2023-10-03 17:52:29,60.0
3971.0,Michael,Scott,anon,F,15-20,2023-10-03 03:46:48,2023-10-03 08:46:48,60.0
1478.0,Stephen,Jennings,ust,M,20-25,2023-10-02 22:32:34,2023-10-03 03:32:34,30.0
5042.0,Holly,Lewis,ust,F,40-above,2023-10-03 06:06:56,2023-10-03 07:36:56,30.0
1019.0,Karen,Lopez,ust,F,25-30,2023-10-03 14:43:41,2023-10-03 18:43:41,30.0
7930.0,Paul,Martin,software engineer,M,15-20,2023-10-02 20:05:45,2023-10-02 22:05:45,90.0
4099.0,Bill,Carter,BPO,F,40-above,2023-10-03 03:24:45,2023-10-03 08:24:45,60.0
4804.0,James,Alexander,ust,M,20-25,2023-10-03 10:17:13,2023-10-03 14:17:13,60.0
9107.0,Ryan,Wallace,ust,M,20-25,2023-10-02 23:14:06,2023-10-03 02:14:06,60.0
7149.0,Alexander,Duncan,BPO,M,25-30,2023-10-03 16:30:02,2023-10-03 18:30:02,60.0
8288.0,Michelle,Tyler,anon,F,20-25,2023-10-03 14:04:29,2023-10-03 16:04:29,60.0
3482.0,Erika,Smith,ust,M,25-30,2023-10-02 22:58:21,2023-10-03 00:28:21,90.0
3290.0,Sharon,Wolfe,BPO,F,15-20,2023-10-02 23:56:36,2023-10-03 00:56:36,30.0
8859.0,Helen,Haynes,ust,F,25-30,2023-10-03 08:13:11,2023-10-03 12:13:11,60.0
8230.0,Melissa,Barnes,influencer,F,25-30,2023-10-02 20:42:55,2023-10-03 00:42:55,90.0
8405.0,Keith,Vasquez,software engineer,M,25-30,2023-10-03 15:33:34,2023-10-03 18:33:34,180.0
9250.0,David,Durham,adu,M,40-above,2023-10-02 22:26:10,2023-10-03 03:26:10,60.0
4858.0,Andrew,Smith,ust,M,20-25,2023-10-03 05:21:23,2023-10-03 10:21:23,30.0
5318.0,Alexander,Carey,anon,F,40-above,2023-10-03 02:44:56,2023-10-03 07:44:56,30.0
7510.0,Robert,Gonzales,anon,F,15-20,2023-10-03 04:06:48,2023-10-03 07:06:48,30.0
7783.0,Ann,Anderson,teacher,M,20-25,2023-10-03 11:02:05,2023-10-03 15:02:05,150.0
9272.0,Eugene,Hernandez,anon,M,25-30,2023-10-03 09:14:56,2023-10-03 12:14:56,30.0
,,,management,F,25-30,2023-10-02 21:11:05,2023-10-03 02:11:05,
4554.0,Tara,Perez,adu,F,15-20,2023-10-03 00:56:37,2023-10-03 03:56:37,150.0
7880.0,Roy,Carson,lawyer,F,25-30,2023-10-02 18:55:03,2023-10-02 21:55:03,30.0
3248.0,Brian,Smith,management,F,20-25,2023-10-03 01:50:08,2023-10-03 03:20:08,60.0
3807.0,Nancy,Young,ust,F,40-above,2023-10-03 05:40:34,2023-10-03 09:40:34,120.0
1951.0,Vanessa,Aguilar,teacher,M,40-above,2023-10-03 00:57:31,2023-10-03 03:57:31,180.0
4906.0,Paul,Johnson,nurse,M,40-above,2023-10-03 11:35:42,2023-10-03 15:35:42,60.0
2395.0,Ashley,Stokes,ust,M,15-20,2023-10-02 21:57:28,2023-10-03 00:57:28,30.0
4423.0,Breanna,Williams,BPO,F,20-25,2023-10-03 05:45:29,2023-10-03 08:45:29,30.0
4086.0,Frederick,Sparks,adu,F,20-25,2023-10-03 16:44:06,2023-10-03 18:44:06,30.0
3888.0,Spencer,Patton,BPO,F,25-30,2023-10-03 01:10:28,2023-10-03 03:10:28,30.0
2293.0,Brian,Floyd,management,F,25-30,2023-10-02 21:08:37,2023-10-02 22:08:37,30.0
4999.0,Donald,Kelly,teacher,F,25-30,2023-10-03 06:41:29,2023-10-03 08:11:29,90.0
6399.0,Kimberly,Carter,ust,F,20-25,2023-10-02 21:09:25,2023-10-03 02:09:25,60.0
3730.0,Michael,Liu,teacher,M,20-25,2023-10-03 12:59:59,2023-10-03 15:59:59,30.0
1392.0,Sarah,Douglas,BPO,M,25-30,2023-10-03 17:45:20,2023-10-03 18:45:20,30.0
,,,influencer,F,40-above,2023-10-03 08:56:13,2023-10-03 10:56:13,
4800.0,Mark,Larson,nurse,M,15-20,2023-10-03 06:52:52,2023-10-03 10:52:52,150.0
8759.0,Katherine,Yang,adu,F,20-25,2023-10-03 16:05:47,2023-10-03 21:05:47,60.0
7816.0,Veronica,Anderson,ust,F,20-25,2023-10-02 22:14:46,2023-10-03 02:14:46,150.0
6158.0,Gary,Woods,anon,F,20-25,2023-10-03 11:10:28,2023-10-03 17:10:28,240.0
4331.0,Nicole,Taylor,anon,M,20-25,2023-10-03 13:41:44,2023-10-03 18:41:44,30.0
3800.0,Miranda,Reyes,ust,M,40-above,2023-10-03 00:38:45,2023-10-03 02:38:45,120.0
,,,ust,F,40-above,2023-10-03 06:24:50,2023-10-03 07:54:50,
4174.0,Rachel,Alvarez,anon,M,20-25,2023-10-02 21:55:35,2023-10-03 00:55:35,30.0
6728.0,Cheyenne,Parsons,teacher,M,40-above,2023-10-03 14:20:12,2023-10-03 19:20:12,30.0
3271.0,Jessica,Nichols,anon,M,20-25,2023-10-03 18:09:09,2023-10-03 22:09:09,90.0
4560.0,Patricia,Phillips,management,M,40-above,2023-10-03 11:10:48,2023-10-03 12:40:48,30.0
2443.0,Tammy,Silva,feu,F,25-30,2023-10-03 06:57:47,2023-10-03 11:57:47,30.0
2174.0,Tanya,Richardson,ust,F,25-30,2023-10-03 07:48:34,2023-10-03 10:48:34,180.0
1772.0,Colleen,Greene,lawyer,M,25-30,2023-10-03 11:50:37,2023-10-03 17:50:37,120.0
5899.0,Heather,Anderson,lawyer,M,25-30,2023-10-02 19:56:12,2023-10-02 22:56:12,90.0
6568.0,Shane,Wilson,anon,F,40-above,2023-10-02 20:16:43,2023-10-03 01:16:43,30.0
6218.0,Michael,Green,adu,M,40-above,2023-10-03 09:17:24,2023-10-03 12:17:24,30.0
9837.0,George,Johnson,ust,M,40-above,2023-10-03 16:52:51,2023-10-03 19:52:51,30.0
2654.0,Justin,Reyes,feu,M,40-above,2023-10-03 15:11:06,2023-10-03 20:11:06,300.0
9392.0,Susan,Stevens,BPO,M,40-above,2023-10-03 05:39:29,2023-10-03 09:39:29,30.0
,,,tip,M,15-20,2023-10-02 23:54:56,2023-10-03 01:54:56,
8243.0,Nicholas,Becker,anon,M,20-25,2023-10-02 22:15:02,2023-10-03 02:15:02,90.0
7600.0,Kathleen,Hernandez,anon,M,25-30,2023-10-03 07:47:32,2023-10-03 09:17:32,60.0
9257.0,Shelley,Carrillo,teacher,F,20-25,2023-10-03 09:52:38,2023-10-03 11:22:38,90.0
6625.0,Michael,Ramirez,ust,F,20-25,2023-10-03 15:06:44,2023-10-03 16:06:44,30.0
3646.0,Mary,Mitchell,tip,F,25-30,2023-10-02 20:00:13,2023-10-02 23:00:13,60.0
5331.0,Hector,James,ust,F,25-30,2023-10-03 00:09:17,2023-10-03 06:09:17,270.0
6173.0,Jeremiah,Burns,BPO,F,40-above,2023-10-03 11:09:37,2023-10-03 13:09:37,30.0
8646.0,Nicole,Dixon,BPO,M,40-above,2023-10-03 05:20:22,2023-10-03 06:50:22,60.0
9482.0,Barbara,Peterson,ust,M,25-30,2023-10-03 14:29:39,2023-10-03 18:29:39,60.0
6691.0,David,Waters,BPO,M,40-above,2023-10-03 04:53:12,2023-10-03 06:53:12,90.0
3127.0,Madeline,Kelly,BPO,M,15-20,2023-10-03 02:21:12,2023-10-03 03:51:12,30.0
7761.0,Austin,Garcia,doctor,M,25-30,2023-10-03 10:54:01,2023-10-03 12:54:01,30.0
6401.0,Joseph,Long,feu,M,25-30,2023-10-03 02:11:30,2023-10-03 05:11:30,180.0
4885.0,Barbara,Estrada,influencer,F,15-20,2023-10-02 22:24:10,2023-10-03 01:24:10,90.0
7430.0,Brian,Hayes,lawyer,F,25-30,2023-10-02 23:42:46,2023-10-03 03:42:46,30.0
6423.0,Ivan,Brown,management,M,20-25,2023-10-02 20:30:39,2023-10-03 00:30:39,60.0
5267.0,Elizabeth,Guzman,feu,M,20-25,2023-10-03 04:57:26,2023-10-03 09:57:26,30.0
7904.0,Alicia,Harris,lawyer,M,40-above,2023-10-03 15:58:28,2023-10-03 19:58:28,30.0
5392.0,Ryan,Bennett,influencer,F,20-25,2023-10-03 08:20:34,2023-10-03 09:20:34,60.0
4009.0,James,Duncan,management,M,20-25,2023-10-02 19:55:46,2023-10-02 21:25:46,30.0
4830.0,Kristen,Fox,ust,F,40-above,2023-10-03 17:08:12,2023-10-03 18:38:12,60.0
4098.0,Larry,Brown,management,F,20-25,2023-10-02 22:16:39,2023-10-03 02:16:39,90.0
4223.0,Joshua,Thomas,ust,F,20-25,2023-10-03 16:14:14,2023-10-03 19:14:14,30.0
9261.0,Daniel,Good,ust,F,40-above,2023-10-03 15:53:08,2023-10-03 21:53:08,90.0
3695.0,Ronnie,Carr,anon,M,40-above,2023-10-03 18:30:20,2023-10-03 22:30:20,150.0
6491.0,Jamie,Oconnor,adu,M,20-25,2023-10-03 16:03:33,2023-10-03 17:03:33,30.0
1144.0,James,Foster,adu,M,20-25,2023-10-03 00:43:00,2023-10-03 04:43:00,180.0
2590.0,Vernon,Anderson,anon,F,25-30,2023-10-03 09:26:00,2023-10-03 12:26:00,60.0
1593.0,Isaac,Leonard,ust,M,20-25,2023-10-03 16:54:44,2023-10-03 21:54:44,30.0
6257.0,Jonathan,Flores,ust,M,20-25,2023-10-03 06:20:38,2023-10-03 07:20:38,60.0
9619.0,Kylie,Davis,anon,M,15-20,2023-10-03 18:12:23,2023-10-04 00:12:23,60.0
1426.0,Kayla,Pruitt,lawyer,F,20-25,2023-10-03 16:59:31,2023-10-03 18:59:31,30.0
9215.0,Tammy,Gibson,ust,M,25-30,2023-10-03 15:57:01,2023-10-03 17:57:01,120.0
8584.0,Craig,Fox,ust,M,20-25,2023-10-03 12:54:30,2023-10-03 17:54:30,60.0
1258.0,Stacy,Kirk,anon,M,40-above,2023-10-03 08:17:56,2023-10-03 11:17:56,30.0
6525.0,Tom,Dawson,BPO,F,40-above,2023-10-03 05:21:36,2023-10-03 06:21:36,30.0
9696.0,Monique,Kim,tip,M,25-30,2023-10-02 20:39:52,2023-10-03 00:39:52,90.0
,,,influencer,M,40-above,2023-10-02 21:06:20,2023-10-03 03:06:20,
2976.0,David,Ryan,feu,F,40-above,2023-10-03 09:39:51,2023-10-03 13:39:51,90.0
7609.0,Austin,Stanley,ust,M,20-25,2023-10-03 13:30:37,2023-10-03 17:30:37,30.0
8209.0,Eric,Matthews,tip,M,15-20,2023-10-03 11:45:01,2023-10-03 13:15:01,30.0
6781.0,Victor,Boyer,BPO,F,15-20,2023-10-03 06:29:13,2023-10-03 09:29:13,60.0
9029.0,Jill,Austin,ust,M,20-25,2023-10-03 05:51:17,2023-10-03 08:51:17,30.0
5049.0,Douglas,Lloyd,anon,F,25-30,2023-10-03 07:23:38,2023-10-03 11:23:38,30.0
9395.0,Jackie,Jones,BPO,F,25-30,2023-10-03 10:51:49,2023-10-03 11:51:49,60.0
6138.0,Kylie,Vargas,ust,F,40-above,2023-10-02 19:26:20,2023-10-03 00:26:20,150.0
3025.0,Louis,Fernandez,anon,F,40-above,2023-10-02 23:49:59,2023-10-03 01:49:59,60.0
3266.0,Michael,Welch,BPO,F,20-25,2023-10-03 12:21:58,2023-10-03 15:21:58,30.0
3523.0,Lisa,Cruz,BPO,M,25-30,2023-10-02 23:41:05,2023-10-03 05:41:05,30.0
2041.0,Cody,Olson,ust,M,25-30,2023-10-03 14:32:57,2023-10-03 16:32:57,60.0
8202.0,Andrea,Perkins,feu,F,25-30,2023-10-03 12:41:26,2023-10-03 13:41:26,30.0
4834.0,Donna,Yang,influencer,F,40-above,2023-10-03 08:38:02,2023-10-03 10:08:02,60.0
5632.0,Dylan,Fitzpatrick,anon,M,25-30,2023-10-02 22:18:50,2023-10-03 02:18:50,30.0
,,,management,F,20-25,2023-10-03 06:16:19,2023-10-03 09:16:19,
5787.0,Michael,Gonzalez,nurse,M,40-above,2023-10-03 18:12:02,2023-10-03 23:12:02,270.0
,,,ust,M,40-above,2023-10-02 21:42:07,2023-10-02 23:12:07,
1791.0,Phillip,Miller,ust,M,20-25,2023-10-03 05:35:05,2023-10-03 07:35:05,90.0
2775.0,Jessica,Carey,feu,M,25-30,2023-10-03 08:47:05,2023-10-03 11:47:05,60.0
6321.0,Jennifer,Nelson,anon,F,15-20,2023-10-03 08:10:40,2023-10-03 11:10:40,60.0
7599.0,Christopher,Edwards,lawyer,F,40-above,2023-10-02 23:35:16,2023-10-03 00:35:16,60.0
6067.0,Brian,Watkins,adu,M,40-above,2023-10-02 20:28:07,2023-10-02 21:28:07,60.0
4725.0,Jeremy,Li,management,M,40-above,2023-10-03 18:21:01,2023-10-03 21:21:01,30.0
4022.0,Brian,Mcguire,anon,F,25-30,2023-10-03 06:57:48,2023-10-03 09:57:48,30.0
9430.0,Elizabeth,Oliver,anon,M,20-25,2023-10-02 22:48:36,2023-10-03 01:48:36,150.0
5830.0,Eileen,Smith,ust,F,15-20,2023-10-03 17:31:24,2023-10-03 18:31:24,60.0
2811.0,Gregory,Kline,ust,F,25-30,2023-10-03 08:31:30,2023-10-03 09:31:30,30.0
6427.0,Loretta,Jackson,teacher,M,25-30,2023-10-03 14:53:25,2023-10-03 16:23:25,30.0
6040.0,David,Lucas,feu,F,15-20,2023-10-03 12:24:59,2023-10-03 16:24:59,60.0
1420.0,Ashley,Sullivan,teacher,M,20-25,2023-10-03 08:00:46,2023-10-03 10:00:46,30.0
1466.0,Linda,Martin,BPO,F,25-30,2023-10-03 00:35:01,2023-10-03 02:05:01,30.0
2118.0,David,Willis,BPO,M,20-25,2023-10-03 04:17:01,2023-10-03 08:17:01,30.0
6228.0,Anthony,Fisher,BPO,M,25-30,2023-10-02 22:19:00,2023-10-02 23:49:00,90.0
3541.0,Natalie,Foster,ust,M,20-25,2023-10-03 09:10:59,2023-10-03 15:10:59,150.0
4571.0,Ethan,Walker,BPO,F,15-20,2023-10-03 07:35:33,2023-10-03 10:35:33,30.0
2576.0,Veronica,Ferguson,adu,M,40-above,2023-10-02 23:02:22,2023-10-03 02:02:22,30.0
3510.0,Ashlee,White,ust,M,25-30,2023-10-03 12:19:22,2023-10-03 17:19:22,120.0
2893.0,Jason,Smith,lawyer,M,40-above,2023-10-03 06:30:14,2023-10-03 08:30:14,30.0
