User ID,First Name,Last Name,Employment,Gender,Birthday,Time In,Time Out,Extension Duration
8729.0,Jeffrey,Rios,BPO,F,1979-11-06,2023-10-04 10:36:36,2023-10-04 12:06:36,30.0
5276.0,Kimberly,Bernard,AdU,F,2008-09-17,2023-10-03 19:22:19,2023-10-04 00:22:19,210.0
2617.0,Kimberly,Mason,BPO,M,1982-06-29,2023-10-03 16:03:28,2023-10-03 19:03:28,180.0
1915.0,Kathy,Martin,management,F,1997-01-17,2023-10-03 20:12:37,2023-10-03 22:12:37,30.0
1262.0,Linda,Bell,influencer,M,1994-04-06,2023-10-04 11:14:40,2023-10-04 14:14:40,60.0
8130.0,Anthony,Miller,FEU,M,2005-06-03,2023-10-04 13:29:06,2023-10-04 16:29:06,60.0
3569.0,Brett,Gutierrez,OTHER,F,2004-03-12,2023-10-03 19:52:05,2023-10-03 22:52:05,60.0
,,,UST,M,2005-05-06,2023-10-04 15:15:31,2023-10-04 17:15:31,
5857.0,Brooke,Lopez,FEU,M,2004-10-16,2023-10-03 19:17:10,2023-10-04 00:17:10,30.0
4204.0,Patricia,Noble,doctor,F,1991-06-20,2023-10-04 03:17:06,2023-10-04 08:17:06,120.0
2498.0,Sabrina,Williams,TIP,F,2007-08-03,2023-10-04 06:45:36,2023-10-04 08:45:36,30.0
8509.0,Lauren,Lynch,OTHER,F,2008-02-21,2023-10-03 20:04:47,2023-10-03 23:04:47,30.0
5089.0,Kimberly,Coleman,UST,M,2000-03-05,2023-10-04 04:10:16,2023-10-04 07:10:16,60.0
5186.0,Jacqueline,Hicks,software engineer,F,1982-11-29,2023-10-04 01:50:40,2023-10-04 06:50:40,90.0
3411.0,Beth,Hall,AdU,M,2002-07-03,2023-10-03 16:49:11,2023-10-03 18:19:11,90.0
7115.0,Daniel,Stanley,BPO,M,1978-08-20,2023-10-04 06:33:30,2023-10-04 08:33:30,60.0
1644.0,Allison,Marshall,UST,M,2003-05-28,2023-10-04 13:54:16,2023-10-04 15:24:16,60.0
4456.0,Diana,Erickson,BPO,F,1992-12-23,2023-10-03 20:49:17,2023-10-03 22:49:17,30.0
,,,AdU,F,2007-03-22,2023-10-04 05:54:28,2023-10-04 09:54:28,
4955.0,Laurie,Andrews,TIP,M,2005-10-08,2023-10-04 12:48:17,2023-10-04 14:48:17,60.0
5947.0,Andre,Jordan,management,F,1997-08-06,2023-10-04 11:35:10,2023-10-04 12:35:10,60.0
2937.0,Paula,Booker,BPO,F,1991-11-24,2023-10-03 16:09:54,2023-10-03 19:09:54,60.0
4487.0,Michael,Allen,BPO,M,1989-04-17,2023-10-04 12:55:31,2023-10-04 16:55:31,30.0
,,,BPO,F,1990-06-27,2023-10-04 00:10:14,2023-10-04 02:10:14,
2574.0,Tiffany,Jones,lawyer,F,1993-10-24,2023-10-03 21:10:12,2023-10-04 01:10:12,30.0
2705.0,Justin,Rice,UST,M,2000-10-05,2023-10-04 06:22:43,2023-10-04 07:22:43,30.0
9602.0,David,Jones,BPO,M,1989-03-30,2023-10-04 04:00:22,2023-10-04 05:30:22,30.0
4200.0,Danny,Harper,FEU,F,2004-08-27,2023-10-04 02:24:01,2023-10-04 03:54:01,90.0
8844.0,Erin,Smith,BPO,F,1984-03-31,2023-10-03 21:58:59,2023-10-04 02:58:59,60.0
7702.0,Samantha,Woods,UST,M,2003-05-19,2023-10-04 04:52:21,2023-10-04 08:52:21,90.0
2364.0,Sonya,Phillips,BPO,F,1978-02-18,2023-10-04 00:35:09,2023-10-04 03:35:09,90.0
4518.0,Mary,Jimenez,BPO,M,1986-10-23,2023-10-04 12:55:59,2023-10-04 15:55:59,30.0
5123.0,Tony,Richards,software engineer,F,1985-03-24,2023-10-04 09:42:32,2023-10-04 11:12:32,30.0
2821.0,Ricky,Martinez,UST,F,2000-06-27,2023-10-03 20:20:39,2023-10-03 23:20:39,30.0
8756.0,Christina,Kelly,FEU,F,2004-06-01,2023-10-03 17:46:46,2023-10-03 23:46:46,330.0
2413.0,Nicole,Lambert,BPO,F,1982-10-20,2023-10-03 16:59:14,2023-10-03 18:29:14,30.0
7973.0,Yolanda,Mejia,TIP,F,2002-03-15,2023-10-04 03:03:47,2023-10-04 06:03:47,30.0
3396.0,John,Baldwin,BPO,F,1972-11-26,2023-10-03 23:21:12,2023-10-04 02:21:12,30.0
7537.0,Dylan,Hutchinson,OTHER,F,2005-09-03,2023-10-04 00:31:21,2023-10-04 03:31:21,150.0
5889.0,Scott,Harris,software engineer,F,1984-11-25,2023-10-03 16:14:14,2023-10-03 21:14:14,150.0
4163.0,Eric,Williams,UST,M,2008-02-11,2023-10-04 11:42:28,2023-10-04 13:42:28,30.0
3028.0,Carl,Butler,TIP,M,2002-10-29,2023-10-04 06:08:02,2023-10-04 07:38:02,30.0
2319.0,John,Smith,UST,M,2000-04-11,2023-10-03 20:20:51,2023-10-04 02:20:51,120.0
4359.0,Curtis,Graham,UST,M,2008-03-24,2023-10-04 00:39:00,2023-10-04 04:39:00,90.0
4060.0,Travis,Perkins,UST,M,2003-06-13,2023-10-04 05:19:09,2023-10-04 06:19:09,30.0
6041.0,Amber,King,lawyer,F,1990-12-24,2023-10-03 20:16:51,2023-10-03 23:16:51,150.0
6699.0,Kristy,Smith,teacher,M,1978-11-13,2023-10-04 07:02:10,2023-10-04 10:02:10,30.0
1722.0,Andre,Campbell,BPO,F,1997-03-29,2023-10-03 18:07:58,2023-10-03 22:07:58,30.0
4438.0,John,David,OTHER,F,2000-04-02,2023-10-04 10:08:44,2023-10-04 11:38:44,60.0
5229.0,Destiny,Mitchell,BPO,M,1978-01-15,2023-10-03 21:08:53,2023-10-03 23:08:53,60.0
8644.0,Leah,Hill,UST,F,2008-07-10,2023-10-03 18:29:58,2023-10-03 22:29:58,30.0
,,,AdU,M,1999-11-07,2023-10-03 19:50:28,2023-10-03 21:20:28,
2718.0,Matthew,Smith,doctor,F,1989-06-29,2023-10-03 17:52:22,2023-10-03 20:52:22,90.0
8739.0,Kevin,Shaffer,UST,F,2004-12-17,2023-10-04 04:01:20,2023-10-04 08:01:20,30.0
3897.0,Dawn,Hebert,BPO,M,1991-12-29,2023-10-03 16:20:07,2023-10-03 20:20:07,180.0
7616.0,Gina,Jenkins,influencer,F,1981-09-23,2023-10-04 02:33:37,2023-10-04 04:33:37,120.0
9965.0,David,Collins,OTHER,F,2003-06-09,2023-10-04 14:03:23,2023-10-04 17:03:23,90.0
1666.0,Matthew,Stephens,BPO,M,1982-09-02,2023-10-03 19:31:07,2023-10-03 21:31:07,30.0
7552.0,Keith,Rodriguez,BPO,F,1983-08-24,2023-10-04 09:54:16,2023-10-04 12:54:16,120.0
1137.0,Sarah,Burke,UST,F,2000-07-25,2023-10-03 17:56:26,2023-10-03 19:26:26,90.0
3716.0,Debra,Johnson,UST,F,2004-07-29,2023-10-03 17:43:55,2023-10-03 18:43:55,30.0
7623.0,Austin,Yu,OTHER,M,2003-08-01,2023-10-04 00:13:16,2023-10-04 01:43:16,60.0
2214.0,Tiffany,Nelson,AdU,M,1999-01-18,2023-10-04 12:10:25,2023-10-04 17:10:25,90.0
2660.0,Shawna,Hernandez,OTHER,F,2005-11-04,2023-10-04 11:31:49,2023-10-04 15:31:49,180.0
2296.0,Duane,Lucero,software engineer,F,1979-12-24,2023-10-03 18:24:10,2023-10-03 22:24:10,60.0
3649.0,Anita,Waters,OTHER,F,2007-06-02,2023-10-04 03:45:02,2023-10-04 06:45:02,30.0
1501.0,Jill,Frank,lawyer,F,1981-07-29,2023-10-04 08:36:20,2023-10-04 11:36:20,180.0
5204.0,Bradley,Morrison,TIP,F,2000-12-05,2023-10-04 08:42:58,2023-10-04 12:42:58,60.0
9240.0,Zachary,Kramer,teacher,F,1974-11-03,2023-10-04 04:05:13,2023-10-04 05:05:13,60.0
5029.0,Mason,Jackson,influencer,F,1983-07-27,2023-10-04 09:09:00,2023-10-04 10:09:00,30.0
2637.0,Jimmy,May,AdU,F,2005-03-07,2023-10-04 03:01:13,2023-10-04 06:01:13,150.0
5509.0,Bianca,Owens,UST,M,2001-09-25,2023-10-03 22:33:10,2023-10-04 00:33:10,60.0
5415.0,Stephanie,Pitts,FEU,M,2005-05-02,2023-10-03 19:49:26,2023-10-03 23:49:26,180.0
,,,lawyer,M,1973-07-19,2023-10-04 00:23:06,2023-10-04 02:23:06,
7481.0,Stacy,Boyd,UST,F,2006-10-01,2023-10-03 22:27:40,2023-10-03 23:57:40,30.0
4055.0,Jonathan,Blake,teacher,M,1973-09-22,2023-10-04 10:47:02,2023-10-04 12:47:02,60.0
6797.0,Darren,Lewis,OTHER,F,2002-06-13,2023-10-04 15:15:31,2023-10-04 16:45:31,60.0
8333.0,Brittany,Reeves,UST,M,2005-12-03,2023-10-04 14:43:11,2023-10-04 17:43:11,30.0
1743.0,April,Webb,UST,F,2005-02-17,2023-10-04 14:44:53,2023-10-04 17:44:53,30.0
3627.0,Mario,Daniel,lawyer,F,1988-06-25,2023-10-04 09:23:34,2023-10-04 14:23:34,210.0
2867.0,David,Turner,BPO,M,1979-02-16,2023-10-04 11:00:43,2023-10-04 15:00:43,90.0
4853.0,Christopher,Jones,OTHER,F,2004-02-22,2023-10-04 12:19:00,2023-10-04 16:19:00,150.0
6927.0,Jessica,Hicks,lawyer,F,1975-12-21,2023-10-04 03:28:19,2023-10-04 06:28:19,30.0
3380.0,Carrie,Johnson,OTHER,F,2001-03-02,2023-10-03 16:10:53,2023-10-03 17:40:53,30.0
6719.0,Paula,Hughes,UST,F,2008-08-25,2023-10-04 13:06:21,2023-10-04 15:06:21,30.0
3761.0,Gregory,Williams,TIP,M,2003-12-06,2023-10-04 12:00:25,2023-10-04 15:00:25,90.0
1549.0,Christopher,Ross,AdU,F,2006-01-30,2023-10-03 16:25:46,2023-10-03 20:25:46,30.0
1085.0,Todd,Frey,FEU,M,2006-04-30,2023-10-03 22:55:35,2023-10-04 02:55:35,30.0
2908.0,David,Nichols,FEU,F,2003-05-06,2023-10-04 05:25:29,2023-10-04 06:25:29,30.0
4231.0,Michele,Duffy,AdU,F,2000-04-18,2023-10-04 00:55:10,2023-10-04 02:55:10,90.0
5554.0,Matthew,Adams,UST,M,2007-08-15,2023-10-04 01:01:46,2023-10-04 03:01:46,30.0
9748.0,Alexandra,Ferguson,OTHER,M,2003-05-14,2023-10-03 18:21:41,2023-10-03 20:21:41,30.0
2743.0,Michael,Huber,management,F,1978-11-17,2023-10-04 05:08:16,2023-10-04 11:08:16,30.0
9395.0,James,Morris,OTHER,F,2003-04-17,2023-10-03 22:45:56,2023-10-04 01:45:56,60.0
2358.0,Natasha,Jackson,lawyer,F,1994-05-18,2023-10-04 08:56:51,2023-10-04 11:56:51,30.0
7912.0,Jack,Thompson,teacher,F,1992-04-01,2023-10-04 12:18:51,2023-10-04 13:48:51,90.0
4637.0,Gregory,Griffin,BPO,F,1995-07-09,2023-10-04 05:25:14,2023-10-04 06:55:14,30.0
1318.0,Anna,Smith,AdU,M,2006-09-19,2023-10-03 23:25:58,2023-10-04 00:25:58,30.0
1959.0,Brian,Baker,management,M,1991-11-08,2023-10-03 18:38:13,2023-10-03 19:38:13,30.0
3792.0,Jessica,Bailey,UST,M,2007-10-08,2023-10-03 23:17:46,2023-10-04 01:17:46,60.0
7875.0,Zoe,Wagner,software engineer,F,1977-02-03,2023-10-04 08:53:17,2023-10-04 12:53:17,30.0
2159.0,Laura,Schmitt,teacher,F,1986-04-11,2023-10-03 20:38:55,2023-10-04 02:38:55,30.0
2969.0,Luis,Rivera,FEU,M,2004-10-16,2023-10-03 16:41:18,2023-10-03 21:41:18,150.0
8218.0,Christopher,Jordan,OTHER,F,1999-06-29,2023-10-03 22:01:41,2023-10-04 00:01:41,30.0
,,,software engineer,M,1975-09-02,2023-10-04 03:19:37,2023-10-04 04:19:37,
4738.0,Brooke,Le,FEU,F,2002-01-08,2023-10-04 13:58:23,2023-10-04 15:58:23,30.0
7693.0,Danielle,Walker,OTHER,M,1999-10-05,2023-10-04 07:56:55,2023-10-04 08:56:55,30.0
6516.0,Linda,Clarke,OTHER,F,2007-06-17,2023-10-04 09:27:51,2023-10-04 11:27:51,60.0
8354.0,Diana,Leach,teacher,M,1994-12-17,2023-10-03 17:36:02,2023-10-03 22:36:02,180.0
6510.0,Melissa,Pham,BPO,F,1997-10-26,2023-10-03 22:40:47,2023-10-04 00:10:47,90.0
7237.0,Jonathan,Davis,lawyer,F,1984-02-16,2023-10-03 21:13:44,2023-10-04 01:13:44,60.0
5846.0,Jonathan,Johnson,BPO,M,1981-10-30,2023-10-03 18:36:44,2023-10-03 22:36:44,30.0
6000.0,Kathryn,Martin,lawyer,F,1978-10-22,2023-10-03 17:36:13,2023-10-03 19:06:13,30.0
3349.0,Pamela,Perry,UST,M,2007-11-08,2023-10-04 13:39:35,2023-10-04 14:39:35,30.0
6921.0,Donald,Snyder,BPO,F,1996-06-27,2023-10-04 04:20:16,2023-10-04 05:20:16,30.0
4314.0,Adam,Hill,BPO,M,1983-01-03,2023-10-03 15:50:21,2023-10-03 19:50:21,210.0
3038.0,Karen,Leonard,management,F,1991-03-09,2023-10-04 03:13:45,2023-10-04 05:13:45,90.0
9447.0,Amanda,Bates,UST,F,2008-09-24,2023-10-04 04:13:05,2023-10-04 10:13:05,30.0
8836.0,Karl,Allen,UST,M,2006-11-20,2023-10-04 07:02:26,2023-10-04 11:02:26,30.0
3219.0,Kristopher,Medina,BPO,M,1983-04-03,2023-10-03 23:18:12,2023-10-04 01:18:12,30.0
7258.0,Mark,Randolph,UST,F,2007-05-19,2023-10-04 14:27:42,2023-10-04 17:27:42,120.0
9888.0,Isabel,Hughes,nurse,M,1992-05-09,2023-10-04 10:45:28,2023-10-04 12:45:28,30.0
6991.0,Ryan,Harper,lawyer,M,1989-11-03,2023-10-04 04:32:01,2023-10-04 08:32:01,150.0
5940.0,Steve,Beck,UST,M,2001-12-12,2023-10-03 19:19:07,2023-10-04 00:19:07,60.0
6684.0,Gabriella,Rodriguez,influencer,F,1998-04-01,2023-10-04 05:31:52,2023-10-04 07:01:52,30.0
2021.0,Tommy,Glenn,UST,M,2004-09-08,2023-10-04 10:10:18,2023-10-04 14:10:18,60.0
5543.0,James,Villegas,BPO,F,1992-05-04,2023-10-03 23:40:33,2023-10-04 02:40:33,150.0
8024.0,Mark,Riley,BPO,F,1987-04-11,2023-10-04 09:27:23,2023-10-04 11:27:23,60.0
1320.0,Valerie,Thomas,OTHER,F,1999-07-10,2023-10-04 10:00:19,2023-10-04 12:00:19,30.0
5805.0,Emily,Ramos,doctor,F,1998-08-14,2023-10-04 07:25:47,2023-10-04 11:25:47,30.0
1369.0,Daniel,Ramos,BPO,F,1974-09-05,2023-10-04 00:05:56,2023-10-04 03:05:56,30.0
6760.0,Julia,Alvarez,influencer,F,1985-03-27,2023-10-04 12:48:15,2023-10-04 16:48:15,90.0
5922.0,Jason,Massey,UST,F,2007-10-07,2023-10-04 04:31:20,2023-10-04 08:31:20,120.0
1555.0,Amy,Wilson,BPO,M,1973-04-23,2023-10-04 04:08:17,2023-10-04 10:08:17,30.0
8816.0,Kathleen,Moore,OTHER,F,2000-08-09,2023-10-03 22:04:45,2023-10-04 00:04:45,30.0
5421.0,Russell,Gallagher,UST,M,2006-03-20,2023-10-04 02:00:34,2023-10-04 03:00:34,30.0
2639.0,Lisa,Thompson,FEU,M,2001-02-24,2023-10-04 06:49:05,2023-10-04 08:19:05,30.0
9540.0,Robert,Ferguson,influencer,M,1973-08-23,2023-10-04 08:11:23,2023-10-04 10:11:23,30.0
8400.0,Jordan,Schmidt,UST,F,2007-07-12,2023-10-03 17:26:13,2023-10-03 20:26:13,90.0
9813.0,Hayley,Wyatt,nurse,M,1979-04-29,2023-10-03 17:21:13,2023-10-03 21:21:13,30.0
7911.0,Juan,White,OTHER,F,2006-05-05,2023-10-04 14:08:23,2023-10-04 20:08:23,30.0
3679.0,Steven,Wheeler,UST,F,2003-07-14,2023-10-03 23:17:10,2023-10-04 00:47:10,90.0
2160.0,Anthony,Campbell,AdU,F,2004-06-17,2023-10-04 04:01:18,2023-10-04 09:01:18,150.0
5938.0,Richard,Daniel,UST,M,2002-05-23,2023-10-04 01:53:59,2023-10-04 03:23:59,60.0
9972.0,Sabrina,Green,BPO,M,1990-04-05,2023-10-04 09:23:58,2023-10-04 12:23:58,90.0
6594.0,Sharon,Fitzgerald,AdU,M,2006-03-11,2023-10-03 16:50:03,2023-10-03 21:50:03,30.0
4360.0,Kimberly,Carey,OTHER,F,2006-05-13,2023-10-04 03:28:32,2023-10-04 06:28:32,90.0
9201.0,Devon,Glover,doctor,F,1975-10-16,2023-10-04 06:10:37,2023-10-04 09:10:37,30.0
5565.0,Melissa,West,UST,M,2001-02-07,2023-10-04 00:05:06,2023-10-04 03:05:06,180.0
5009.0,Lauren,Mccoy,BPO,F,1997-10-24,2023-10-04 04:39:24,2023-10-04 08:39:24,60.0
4859.0,Matthew,Perez,AdU,F,2001-01-25,2023-10-04 03:23:24,2023-10-04 04:23:24,30.0
1528.0,Diana,Reid,OTHER,F,2007-02-25,2023-10-04 03:28:27,2023-10-04 06:28:27,30.0
9304.0,Marissa,Cox,OTHER,F,2007-07-07,2023-10-03 18:46:02,2023-10-03 23:46:02,30.0
8033.0,Rebecca,Saunders,lawyer,F,1981-06-02,2023-10-04 06:15:34,2023-10-04 10:15:34,60.0
,,,UST,M,1999-09-08,2023-10-04 07:25:36,2023-10-04 08:55:36,
9119.0,Ashley,Mcdaniel,FEU,M,2002-07-26,2023-10-04 08:30:27,2023-10-04 12:30:27,30.0
4163.0,Valerie,Young,OTHER,M,2002-03-23,2023-10-04 01:07:53,2023-10-04 05:07:53,120.0
3795.0,Stephen,Hanson,BPO,F,1991-08-16,2023-10-04 14:40:36,2023-10-04 16:40:36,30.0
3867.0,Teresa,Whitaker,AdU,M,2006-06-16,2023-10-04 05:37:21,2023-10-04 10:37:21,60.0
,,,UST,F,2006-03-23,2023-10-04 00:02:23,2023-10-04 02:02:23,
5017.0,Audrey,Harmon,OTHER,F,2000-03-31,2023-10-04 01:23:06,2023-10-04 05:23:06,150.0
4148.0,Richard,Baldwin,teacher,F,1983-01-17,2023-10-04 07:05:55,2023-10-04 11:05:55,60.0
4478.0,Gregory,Stevenson,software engineer,M,1975-06-15,2023-10-04 06:35:48,2023-10-04 08:05:48,30.0
8534.0,Wesley,Sanchez,software engineer,M,1991-09-20,2023-10-04 09:50:09,2023-10-04 13:50:09,30.0
9112.0,Shannon,Murphy,UST,F,1999-10-17,2023-10-04 05:42:34,2023-10-04 11:42:34,330.0
7204.0,Adrian,Krause,UST,F,2002-09-22,2023-10-03 22:21:27,2023-10-04 03:21:27,30.0
3349.0,Vincent,Rodgers,OTHER,M,2000-04-19,2023-10-04 05:02:05,2023-10-04 09:02:05,60.0
3756.0,Christopher,Kelly,lawyer,M,1977-11-30,2023-10-03 15:55:41,2023-10-03 20:55:41,240.0
4480.0,Renee,Greer,OTHER,F,2001-03-15,2023-10-04 05:22:26,2023-10-04 06:22:26,60.0
9197.0,Adam,Ferguson,software engineer,F,1984-09-19,2023-10-04 11:35:45,2023-10-04 12:35:45,30.0
5077.0,Darren,Mack,FEU,M,1999-12-27,2023-10-03 17:20:39,2023-10-03 22:20:39,180.0
2827.0,Steven,Miller,AdU,F,1999-02-17,2023-10-04 03:01:47,2023-10-04 06:01:47,60.0
4557.0,Walter,Anderson,BPO,M,1981-06-13,2023-10-04 07:13:05,2023-10-04 08:43:05,60.0
9531.0,Jennifer,Stewart,UST,M,2005-06-25,2023-10-04 07:21:05,2023-10-04 11:21:05,60.0
5900.0,Elizabeth,Barker,OTHER,F,2001-03-31,2023-10-03 17:59:21,2023-10-03 19:59:21,60.0
1168.0,Jessica,Ross,UST,M,2002-08-14,2023-10-04 13:56:51,2023-10-04 17:56:51,30.0
1282.0,Joyce,Trevino,UST,F,2003-04-10,2023-10-04 13:02:01,2023-10-04 16:02:01,150.0
4606.0,Gloria,Morales,software engineer,F,1997-05-25,2023-10-03 21:48:32,2023-10-04 02:48:32,60.0
9250.0,Charles,Hammond,BPO,F,1988-06-12,2023-10-04 14:07:34,2023-10-04 19:07:34,30.0
7693.0,Brian,Johnson,AdU,M,2001-11-04,2023-10-03 21:43:09,2023-10-04 03:43:09,90.0
7764.0,Megan,Roberts,OTHER,M,2004-03-19,2023-10-03 21:42:45,2023-10-04 01:42:45,90.0
4632.0,Timothy,Crawford,FEU,F,2006-04-04,2023-10-04 06:28:59,2023-10-04 10:28:59,30.0
3814.0,Taylor,Crane,OTHER,M,2000-03-12,2023-10-04 03:26:02,2023-10-04 07:26:02,210.0
3583.0,Vincent,Maldonado,UST,M,2003-12-31,2023-10-04 11:13:26,2023-10-04 15:13:26,210.0
8055.0,Wendy,Flores,BPO,M,1978-11-24,2023-10-03 22:03:56,2023-10-04 04:03:56,30.0
1612.0,Brian,Mendoza,management,F,1986-06-03,2023-10-04 13:14:53,2023-10-04 16:14:53,180.0
6982.0,Keith,Diaz,OTHER,M,2000-07-21,2023-10-04 15:29:40,2023-10-04 18:29:40,90.0
8899.0,Amber,Peters,TIP,F,1999-03-15,2023-10-03 18:53:19,2023-10-03 20:53:19,120.0
3477.0,David,Dominguez,UST,M,2003-12-12,2023-10-04 15:47:42,2023-10-04 16:47:42,30.0
7162.0,Abigail,Michael,BPO,M,1995-08-07,2023-10-03 21:04:59,2023-10-03 23:04:59,90.0
6388.0,Mark,Robinson,FEU,F,2006-02-21,2023-10-04 09:17:25,2023-10-04 12:17:25,150.0
5450.0,Rhonda,Weber,AdU,F,2008-07-19,2023-10-03 17:17:33,2023-10-03 20:17:33,30.0
4511.0,Joshua,Wilkerson,software engineer,F,1974-09-10,2023-10-04 08:34:50,2023-10-04 10:34:50,30.0
7320.0,Peter,Smith,OTHER,M,2007-10-16,2023-10-04 04:02:29,2023-10-04 08:02:29,30.0
8860.0,April,Wilson,AdU,M,2006-07-11,2023-10-04 12:51:22,2023-10-04 13:51:22,30.0
8713.0,Justin,Crawford,teacher,F,1986-06-18,2023-10-04 01:43:12,2023-10-04 04:43:12,180.0
5134.0,Matthew,Hamilton,BPO,M,1997-11-18,2023-10-04 08:37:52,2023-10-04 12:37:52,240.0
2565.0,Vincent,Wilson,UST,M,2008-09-03,2023-10-04 05:25:40,2023-10-04 10:25:40,150.0
4346.0,Tyler,Ross,OTHER,F,2000-05-13,2023-10-04 04:07:53,2023-10-04 05:37:53,30.0
9418.0,Robert,Clark,UST,F,2000-08-27,2023-10-03 18:49:11,2023-10-03 20:19:11,30.0
9473.0,Christina,Grant,UST,F,2003-03-15,2023-10-04 08:02:03,2023-10-04 11:02:03,30.0
8399.0,Karen,Cole,lawyer,F,1982-05-29,2023-10-03 22:58:07,2023-10-04 03:58:07,60.0
2860.0,Patrick,Garcia,AdU,M,2002-12-04,2023-10-04 10:18:42,2023-10-04 12:18:42,30.0
9656.0,Richard,Owens,OTHER,F,1999-01-16,2023-10-04 13:52:09,2023-10-04 18:52:09,30.0
8793.0,Rachel,Gonzales,software engineer,F,1981-08-09,2023-10-03 21:54:20,2023-10-03 23:24:20,90.0
6793.0,Micheal,Murphy,OTHER,F,2002-12-03,2023-10-04 07:10:41,2023-10-04 09:10:41,30.0
7781.0,Rachael,Cuevas,software engineer,F,1986-03-06,2023-10-04 13:26:04,2023-10-04 17:26:04,210.0
5659.0,Amanda,Wilson,FEU,M,1999-06-04,2023-10-04 15:00:55,2023-10-04 16:30:55,60.0
3394.0,Virginia,Curtis,BPO,M,1994-12-01,2023-10-04 09:45:02,2023-10-04 14:45:02,120.0
5791.0,Jack,Young,OTHER,F,2007-04-15,2023-10-04 04:56:38,2023-10-04 08:56:38,150.0
,,,teacher,M,1978-09-21,2023-10-04 01:32:19,2023-10-04 03:02:19,
8067.0,Charles,Middleton,BPO,F,1976-01-10,2023-10-04 11:17:52,2023-10-04 15:17:52,240.0
3306.0,Norma,Watson,UST,M,2006-11-05,2023-10-04 09:33:25,2023-10-04 13:33:25,180.0
5203.0,Erin,Moore,OTHER,M,2003-10-05,2023-10-04 05:29:00,2023-10-04 10:29:00,60.0
1396.0,Monica,Reyes,BPO,M,1976-03-01,2023-10-03 23:40:17,2023-10-04 00:40:17,60.0
1423.0,Jessica,Mckinney,nurse,M,1981-10-30,2023-10-04 02:38:21,2023-10-04 05:38:21,30.0
7803.0,Angela,Walker,AdU,F,2001-08-28,2023-10-03 23:19:16,2023-10-04 01:19:16,120.0
1685.0,Jeffery,Cox,UST,M,2006-11-18,2023-10-04 05:57:17,2023-10-04 07:57:17,30.0
9159.0,Erin,Johnson,teacher,M,1984-08-08,2023-10-03 19:37:44,2023-10-04 01:37:44,30.0
6215.0,Kayla,Martin,BPO,F,1994-06-08,2023-10-03 23:56:41,2023-10-04 02:56:41,30.0
1027.0,Kimberly,Rogers,doctor,M,1986-09-14,2023-10-04 11:29:34,2023-10-04 15:29:34,150.0
5205.0,Chris,Harper,OTHER,M,2000-10-13,2023-10-04 04:56:24,2023-10-04 07:56:24,30.0
4333.0,Peter,Carey,BPO,M,1989-02-18,2023-10-04 03:39:50,2023-10-04 05:09:50,60.0
5389.0,Michael,Lopez,OTHER,M,2007-03-25,2023-10-04 03:09:52,2023-10-04 05:09:52,120.0
8236.0,Mary,Nelson,teacher,F,1976-09-21,2023-10-03 21:53:21,2023-10-04 02:53:21,60.0
1877.0,Amanda,Rogers,FEU,F,2005-05-26,2023-10-03 23:39:01,2023-10-04 02:39:01,90.0
3735.0,Jasmine,Dillon,BPO,M,1994-11-03,2023-10-03 23:13:21,2023-10-04 00:43:21,30.0
9670.0,Roy,Smith,UST,M,2003-01-03,2023-10-04 04:22:02,2023-10-04 08:22:02,60.0
6923.0,Donald,Rose,lawyer,F,1982-04-22,2023-10-04 02:13:47,2023-10-04 06:13:47,180.0
9885.0,Jacqueline,King,AdU,F,2002-02-11,2023-10-03 21:47:31,2023-10-04 01:47:31,30.0
6616.0,Christine,Johns,influencer,M,1986-07-15,2023-10-04 14:29:59,2023-10-04 17:29:59,60.0
7408.0,Christy,Gonzalez,BPO,M,1994-03-15,2023-10-04 03:16:43,2023-10-04 07:16:43,150.0
6222.0,Tyler,Carter,UST,F,2000-01-26,2023-10-03 17:53:05,2023-10-03 22:53:05,30.0
1838.0,Victor,Weiss,UST,F,2002-07-29,2023-10-03 18:38:27,2023-10-03 20:38:27,90.0
4020.0,Daniel,Knight,BPO,M,1977-04-27,2023-10-03 19:04:56,2023-10-04 01:04:56,240.0
,,,management,M,1973-10-26,2023-10-04 14:56:29,2023-10-04 15:56:29,
1164.0,Carly,Brown,OTHER,M,2004-12-17,2023-10-04 03:02:48,2023-10-04 04:32:48,90.0
6832.0,Monique,Ray,TIP,F,2002-12-14,2023-10-03 21:57:24,2023-10-04 01:57:24,120.0
3347.0,Tyler,Ramos,AdU,F,2001-12-28,2023-10-03 21:29:48,2023-10-03 22:59:48,90.0
6916.0,Margaret,Davis,UST,F,2000-04-03,2023-10-03 17:57:53,2023-10-03 18:57:53,30.0
6425.0,Jacob,Wallace,OTHER,M,2002-08-31,2023-10-03 21:08:39,2023-10-04 01:08:39,90.0
3241.0,Carrie,Boone,UST,M,2000-02-27,2023-10-03 23:01:15,2023-10-04 01:01:15,30.0
,,,FEU,F,2007-02-10,2023-10-04 03:40:34,2023-10-04 06:40:34,
9675.0,David,Chen,BPO,F,1980-03-24,2023-10-04 05:32:52,2023-10-04 09:32:52,30.0
5973.0,Jennifer,Henry,BPO,M,1996-04-25,2023-10-04 04:46:27,2023-10-04 05:46:27,30.0
7422.0,Antonio,Mcbride,management,F,1985-04-19,2023-10-04 04:51:41,2023-10-04 07:51:41,60.0
3799.0,Michael,Harper,BPO,F,1973-09-28,2023-10-04 12:33:49,2023-10-04 14:03:49,90.0
9570.0,Kimberly,Hughes,AdU,M,2001-10-28,2023-10-04 10:55:14,2023-10-04 14:55:14,30.0
5706.0,Alexander,Johnson,UST,F,2006-11-30,2023-10-04 10:33:28,2023-10-04 13:33:28,120.0
3163.0,Michael,Singleton,software engineer,F,1972-11-04,2023-10-04 15:07:13,2023-10-04 18:07:13,180.0
7670.0,Michael,Fields,UST,M,2004-01-19,2023-10-04 09:14:02,2023-10-04 10:14:02,60.0
8624.0,Christopher,Fletcher,TIP,M,2006-09-16,2023-10-04 02:30:34,2023-10-04 03:30:34,60.0
4455.0,Alexandra,Sloan,BPO,M,1995-09-25,2023-10-03 19:31:03,2023-10-03 22:31:03,90.0
3186.0,Michael,Davis,AdU,M,2005-05-23,2023-10-04 13:21:43,2023-10-04 16:21:43,90.0
6332.0,Bryan,Padilla,software engineer,M,1993-12-22,2023-10-04 14:56:14,2023-10-04 16:56:14,60.0
7185.0,Robert,Valenzuela,OTHER,M,2003-05-03,2023-10-03 17:08:29,2023-10-03 20:08:29,30.0
8491.0,Natalie,Miller,OTHER,F,2000-02-07,2023-10-04 10:02:14,2023-10-04 11:32:14,60.0
1542.0,Cynthia,Jones,BPO,F,1993-03-30,2023-10-03 17:08:35,2023-10-03 21:08:35,30.0
5367.0,Julie,Bradley,UST,F,2008-03-16,2023-10-04 05:44:39,2023-10-04 07:44:39,30.0
1848.0,Nicole,Adkins,TIP,M,2007-07-14,2023-10-03 22:40:29,2023-10-04 04:40:29,30.0
7444.0,Brianna,Murray,lawyer,F,1998-06-16,2023-10-03 16:32:35,2023-10-03 18:02:35,30.0
7704.0,Joseph,Santos,management,F,1982-09-06,2023-10-04 13:44:18,2023-10-04 15:44:18,120.0
9151.0,David,Brown,UST,F,2004-03-08,2023-10-04 07:52:21,2023-10-04 10:52:21,30.0
7237.0,Jeffrey,Hansen,FEU,M,2004-12-04,2023-10-03 20:21:58,2023-10-03 21:51:58,30.0
9583.0,Elizabeth,Patton,FEU,M,2003-07-20,2023-10-04 13:18:53,2023-10-04 17:18:53,30.0
7298.0,Michael,Frazier,BPO,F,1974-09-08,2023-10-04 13:25:47,2023-10-04 16:25:47,90.0
5869.0,Robert,Gates,UST,M,2005-07-31,2023-10-04 15:11:06,2023-10-04 17:11:06,60.0
9833.0,William,Bright,influencer,F,1982-02-24,2023-10-03 17:51:24,2023-10-03 20:51:24,60.0
,,,AdU,M,2008-04-16,2023-10-04 10:49:57,2023-10-04 12:19:57,
2257.0,Erica,Rodriguez,BPO,M,1984-08-29,2023-10-03 18:47:02,2023-10-03 20:47:02,30.0
1510.0,Donald,Gregory,OTHER,F,2001-11-12,2023-10-04 03:27:23,2023-10-04 05:27:23,120.0
2647.0,Patrick,Hansen,UST,M,2005-09-09,2023-10-03 17:00:46,2023-10-03 22:00:46,30.0
7076.0,Cassandra,Neal,OTHER,M,2000-11-06,2023-10-03 23:09:26,2023-10-04 01:09:26,90.0
6481.0,Carl,Gonzalez,UST,M,2007-11-18,2023-10-03 23:15:35,2023-10-04 02:15:35,60.0
9122.0,Jessica,Jones,TIP,F,2000-08-08,2023-10-03 22:38:27,2023-10-04 01:38:27,30.0
5762.0,Christine,Smith,teacher,M,1982-12-05,2023-10-04 12:52:01,2023-10-04 15:52:01,60.0
9427.0,Wendy,Wood,TIP,M,2007-01-19,2023-10-03 21:13:55,2023-10-03 23:13:55,120.0
5830.0,Kimberly,Morris,UST,F,2007-02-21,2023-10-04 03:48:04,2023-10-04 04:48:04,60.0
7084.0,Tammy,Carey,software engineer,M,1980-08-02,2023-10-04 01:02:25,2023-10-04 03:02:25,90.0
5705.0,Alyssa,Cline,AdU,M,2000-01-03,2023-10-04 07:09:16,2023-10-04 12:09:16,90.0
8500.0,Austin,Hernandez,management,M,1979-07-17,2023-10-03 20:55:46,2023-10-04 02:55:46,360.0
,,,BPO,F,1976-12-25,2023-10-04 04:22:59,2023-10-04 05:52:59,
7880.0,Christine,Martinez,UST,M,2004-04-17,2023-10-03 21:43:50,2023-10-03 22:43:50,30.0
5911.0,Eric,Kirk,UST,F,2005-07-15,2023-10-03 18:26:18,2023-10-03 21:26:18,150.0
3907.0,Andrea,Romero,BPO,F,1978-12-25,2023-10-04 07:48:25,2023-10-04 11:48:25,30.0
8604.0,Allen,Valdez,BPO,M,1979-08-28,2023-10-04 02:26:37,2023-10-04 05:26:37,90.0
5202.0,Barbara,Allen,doctor,F,1979-01-26,2023-10-04 08:03:24,2023-10-04 11:03:24,30.0
8248.0,Lindsey,Gallegos,FEU,F,2005-03-06,2023-10-03 19:42:10,2023-10-03 21:42:10,30.0
,,,UST,M,2007-04-11,2023-10-04 03:35:46,2023-10-04 08:35:46,
7050.0,Lauren,Anderson,BPO,F,1993-02-08,2023-10-04 02:16:35,2023-10-04 05:16:35,60.0
7068.0,Maria,Parker,OTHER,F,1999-02-12,2023-10-04 14:48:42,2023-10-04 16:48:42,90.0
8850.0,Patricia,Middleton,BPO,M,1986-02-01,2023-10-04 04:13:45,2023-10-04 05:13:45,30.0
7901.0,Candace,Wells,influencer,F,1978-09-05,2023-10-03 20:03:55,2023-10-04 01:03:55,60.0
3490.0,John,Mckee,AdU,M,2007-05-03,2023-10-03 23:31:27,2023-10-04 01:31:27,30.0
9699.0,Jonathan,Simmons,OTHER,M,2000-09-25,2023-10-03 22:37:19,2023-10-04 00:07:19,60.0
5140.0,Nicholas,Evans,UST,F,2006-06-11,2023-10-03 20:03:13,2023-10-03 22:03:13,60.0
8732.0,Stacy,Wong,software engineer,M,1975-05-02,2023-10-04 00:41:23,2023-10-04 02:41:23,90.0
5025.0,Charles,Phillips,OTHER,M,2004-11-08,2023-10-04 12:01:33,2023-10-04 16:01:33,150.0
3849.0,Patrick,Hernandez,management,F,1997-12-30,2023-10-04 06:02:19,2023-10-04 10:02:19,30.0
8581.0,Bryan,Ramos,UST,M,2004-10-10,2023-10-04 09:53:32,2023-10-04 12:53:32,60.0
3735.0,Glenn,Harris,OTHER,M,2003-10-05,2023-10-04 07:47:47,2023-10-04 13:47:47,90.0
9143.0,Amy,Ross,OTHER,M,2007-05-11,2023-10-03 23:18:14,2023-10-04 01:18:14,30.0
5579.0,Nicolas,Matthews,AdU,M,2006-02-11,2023-10-04 09:33:21,2023-10-04 11:33:21,30.0
7585.0,Kevin,Flores,doctor,M,1990-04-15,2023-10-04 14:59:14,2023-10-04 17:59:14,90.0
9593.0,Jessica,Stewart,OTHER,M,2004-09-13,2023-10-04 13:59:54,2023-10-04 15:29:54,60.0
3322.0,William,Schwartz,UST,M,2003-09-22,2023-10-03 20:55:50,2023-10-03 22:25:50,60.0
3298.0,Elizabeth,Garcia,AdU,F,2002-06-09,2023-10-04 12:39:33,2023-10-04 15:39:33,30.0
3413.0,Valerie,Wagner,BPO,M,1996-03-04,2023-10-03 23:56:23,2023-10-04 02:56:23,60.0
3469.0,Lisa,Anderson,nurse,M,1972-11-03,2023-10-03 23:14:33,2023-10-04 03:14:33,30.0
3064.0,Eric,Baker,nurse,F,1975-06-08,2023-10-04 04:58:31,2023-10-04 08:58:31,30.0
4598.0,Kristina,Payne,OTHER,M,2002-02-22,2023-10-04 01:06:17,2023-10-04 06:06:17,30.0
3875.0,Jessica,Baldwin,UST,M,2000-08-28,2023-10-04 13:02:39,2023-10-04 14:02:39,30.0
7561.0,Phillip,Smith,AdU,F,2000-08-19,2023-10-03 19:43:20,2023-10-03 22:43:20,120.0
9608.0,Marissa,Smith,management,F,1988-09-26,2023-10-04 09:52:31,2023-10-04 12:52:31,30.0
,,,influencer,F,1997-05-22,2023-10-04 13:29:20,2023-10-04 14:59:20,
2344.0,Joseph,Perkins,influencer,F,1990-08-25,2023-10-04 08:09:08,2023-10-04 12:09:08,120.0
1007.0,Kevin,Williams,lawyer,F,1974-10-04,2023-10-04 14:39:33,2023-10-04 16:39:33,30.0
,,,OTHER,F,2001-06-09,2023-10-04 08:46:20,2023-10-04 10:16:20,
1692.0,Kristie,Miller,BPO,M,1984-01-05,2023-10-03 17:58:47,2023-10-03 19:28:47,30.0
5429.0,Julie,Patterson,influencer,F,1972-10-05,2023-10-04 12:11:12,2023-10-04 17:11:12,30.0
2034.0,Anthony,Rich,AdU,F,2003-06-30,2023-10-04 04:19:01,2023-10-04 08:19:01,30.0
1865.0,John,Horton,BPO,F,1977-03-07,2023-10-04 07:00:50,2023-10-04 11:00:50,30.0
3635.0,Hannah,Vasquez,teacher,M,1988-06-27,2023-10-04 13:58:01,2023-10-04 14:58:01,30.0
5369.0,Frank,Martinez,lawyer,M,1998-05-11,2023-10-03 18:34:45,2023-10-03 23:34:45,30.0
8287.0,Jessica,Smith,OTHER,M,2007-09-15,2023-10-04 14:00:58,2023-10-04 16:00:58,60.0
1249.0,Kevin,George,AdU,F,1999-08-12,2023-10-04 11:21:57,2023-10-04 16:21:57,240.0
4677.0,Brittany,Vazquez,influencer,M,1983-10-20,2023-10-03 23:56:56,2023-10-04 04:56:56,60.0
2276.0,Isaac,Nelson,software engineer,M,1993-12-14,2023-10-04 13:58:37,2023-10-04 15:28:37,30.0
6337.0,Andre,Petty,UST,F,2000-05-08,2023-10-04 11:05:16,2023-10-04 14:05:16,60.0
5934.0,Keith,Parker,software engineer,F,1979-09-26,2023-10-04 05:48:16,2023-10-04 06:48:16,30.0
3978.0,Jennifer,Lewis,AdU,F,2001-12-07,2023-10-04 04:48:09,2023-10-04 09:48:09,90.0
9219.0,Shaun,Walsh,OTHER,F,2008-03-10,2023-10-04 01:47:00,2023-10-04 03:17:00,30.0
1305.0,Antonio,Velasquez,UST,F,2005-11-01,2023-10-04 10:40:05,2023-10-04 13:40:05,30.0
1209.0,Brian,Hartman,OTHER,F,2003-12-20,2023-10-04 04:06:18,2023-10-04 09:06:18,270.0
1374.0,Randy,White,UST,M,2000-03-09,2023-10-04 01:23:30,2023-10-04 07:23:30,60.0
7870.0,Morgan,Costa,doctor,F,1990-09-12,2023-10-04 09:08:14,2023-10-04 10:38:14,30.0
1011.0,James,Villa,lawyer,F,1987-08-31,2023-10-04 14:21:07,2023-10-04 17:21:07,30.0
9006.0,Kimberly,Myers,BPO,F,1972-11-24,2023-10-04 13:37:06,2023-10-04 14:37:06,30.0
7156.0,Katherine,Romero,OTHER,F,1998-10-19,2023-10-03 23:30:44,2023-10-04 01:00:44,30.0
3239.0,Evan,Valenzuela,UST,M,1999-06-04,2023-10-03 18:12:51,2023-10-03 22:12:51,90.0
7944.0,Roger,Bird,AdU,M,2008-01-29,2023-10-03 18:23:13,2023-10-03 21:23:13,30.0
3525.0,Amy,Solis,teacher,F,1987-03-16,2023-10-03 22:25:03,2023-10-04 02:25:03,150.0
6327.0,James,English,OTHER,M,2000-01-30,2023-10-04 03:19:29,2023-10-04 06:19:29,120.0
3688.0,Laura,Mccarty,UST,M,2000-09-01,2023-10-03 20:39:57,2023-10-03 23:39:57,90.0
7134.0,Nancy,Freeman,teacher,M,1974-12-06,2023-10-04 08:17:44,2023-10-04 09:47:44,60.0
9379.0,Melissa,Pierce,software engineer,F,1981-06-30,2023-10-03 21:27:02,2023-10-04 00:27:02,180.0
3339.0,Ellen,Scott,lawyer,F,1988-04-06,2023-10-03 20:55:33,2023-10-03 23:55:33,90.0
8435.0,Kenneth,Fernandez,OTHER,M,2008-07-25,2023-10-04 10:40:54,2023-10-04 12:10:54,30.0
6224.0,Daniel,Montgomery,AdU,F,2004-05-25,2023-10-04 05:56:22,2023-10-04 09:56:22,30.0
7796.0,Karen,Davis,teacher,M,1989-03-03,2023-10-03 21:34:13,2023-10-04 03:34:13,60.0
2510.0,Madison,Thomas,BPO,F,1981-06-16,2023-10-04 05:41:24,2023-10-04 09:41:24,90.0
9184.0,Angela,Smith,OTHER,M,2007-04-05,2023-10-03 17:01:37,2023-10-03 19:01:37,30.0
7454.0,Andre,Ellis,AdU,F,1999-06-30,2023-10-03 22:04:12,2023-10-04 02:04:12,120.0
6411.0,Daniel,Farley,UST,F,2006-07-14,2023-10-04 15:09:23,2023-10-04 19:09:23,30.0
,,,lawyer,F,1993-08-11,2023-10-04 06:49:31,2023-10-04 08:19:31,
4873.0,Melvin,Walls,UST,M,2007-11-19,2023-10-04 14:02:14,2023-10-04 15:02:14,30.0
9058.0,Ryan,Parker,UST,F,2007-06-03,2023-10-03 18:14:18,2023-10-03 19:44:18,30.0
7807.0,Phyllis,Weaver,lawyer,M,1986-02-14,2023-10-04 08:05:04,2023-10-04 11:05:04,180.0
3497.0,Edward,Hill,teacher,F,1983-07-06,2023-10-04 15:28:02,2023-10-04 19:28:02,30.0
2322.0,Brooke,Rojas,UST,F,2007-05-13,2023-10-04 00:34:18,2023-10-04 02:04:18,30.0
6960.0,Daryl,Green,OTHER,F,2003-02-16,2023-10-04 14:08:18,2023-10-04 18:08:18,30.0
7564.0,Brittney,Peterson,OTHER,M,2008-05-18,2023-10-03 19:30:23,2023-10-03 20:30:23,30.0
4963.0,Claudia,Vang,management,M,1993-02-26,2023-10-04 04:24:05,2023-10-04 07:24:05,60.0
,,,FEU,M,2002-10-08,2023-10-03 20:41:48,2023-10-03 22:11:48,
7246.0,Michelle,Cummings,FEU,M,2004-04-09,2023-10-04 15:21:27,2023-10-04 18:21:27,30.0
4979.0,Amanda,Hudson,software engineer,F,1988-01-09,2023-10-04 04:15:04,2023-10-04 07:15:04,90.0
5985.0,Jason,Arroyo,OTHER,F,2008-07-11,2023-10-04 02:14:11,2023-10-04 04:14:11,120.0
7873.0,Matthew,Hoffman,UST,F,2008-09-30,2023-10-03 19:32:01,2023-10-03 22:32:01,180.0
4544.0,Ashley,Garcia,FEU,M,2007-06-09,2023-10-04 10:10:18,2023-10-04 12:10:18,120.0
8304.0,Melissa,Ramirez,FEU,F,2004-09-21,2023-10-04 11:06:03,2023-10-04 13:06:03,30.0
9396.0,Diana,Wise,BPO,F,1975-01-08,2023-10-03 19:01:24,2023-10-03 23:01:24,90.0
8664.0,Jane,Kidd,FEU,F,2005-08-26,2023-10-04 13:05:30,2023-10-04 18:05:30,30.0
4114.0,Michael,Whitaker,OTHER,M,2008-08-27,2023-10-04 01:38:05,2023-10-04 03:08:05,30.0
1858.0,Audrey,Peters,OTHER,F,2001-02-20,2023-10-03 18:16:13,2023-10-04 00:16:13,90.0
3119.0,Cody,Horne,UST,F,2006-05-25,2023-10-03 19:04:31,2023-10-04 01:04:31,210.0
8833.0,Madison,Byrd,UST,M,2000-02-18,2023-10-04 00:43:26,2023-10-04 02:43:26,120.0
9232.0,John,Graham,BPO,F,1984-11-13,2023-10-04 04:36:07,2023-10-04 08:36:07,210.0
1538.0,Stephen,Rodriguez,AdU,M,2001-07-09,2023-10-04 13:49:18,2023-10-04 15:49:18,30.0
,,,UST,M,2008-02-13,2023-10-04 10:07:44,2023-10-04 11:37:44,
7016.0,Kylie,Johnson,doctor,M,1976-12-26,2023-10-04 15:44:28,2023-10-04 19:44:28,60.0
2882.0,Brandi,Gallegos,AdU,F,2004-08-24,2023-10-03 19:11:19,2023-10-03 22:11:19,30.0
6313.0,Stephen,Sanchez,UST,F,2001-11-11,2023-10-03 22:59:14,2023-10-04 03:59:14,300.0
2578.0,Juan,Thomas,OTHER,F,2008-08-22,2023-10-04 02:50:33,2023-10-04 03:50:33,30.0
8320.0,Lisa,Evans,influencer,F,1977-05-15,2023-10-03 21:07:41,2023-10-04 01:07:41,60.0
2423.0,Teresa,Johnson,AdU,F,2003-09-02,2023-10-04 12:30:18,2023-10-04 15:30:18,60.0
6989.0,Jessica,Valentine,BPO,F,1978-02-17,2023-10-03 18:10:53,2023-10-03 22:10:53,30.0
5137.0,James,Bender,BPO,M,1992-12-17,2023-10-04 10:11:02,2023-10-04 14:11:02,210.0
7334.0,Jeffrey,Sanchez,UST,M,1999-12-21,2023-10-04 13:16:52,2023-10-04 18:16:52,270.0
3568.0,James,Clark,influencer,M,1976-11-19,2023-10-04 11:01:24,2023-10-04 12:01:24,30.0
8407.0,Andrew,Lawrence,OTHER,M,2006-06-20,2023-10-04 13:25:24,2023-10-04 18:25:24,30.0
8260.0,Deborah,Dawson,UST,F,2003-03-10,2023-10-04 14:59:53,2023-10-04 15:59:53,30.0
,,,UST,F,1999-08-10,2023-10-04 05:00:42,2023-10-04 06:30:42,
5805.0,Phyllis,Ellis,AdU,F,2007-05-27,2023-10-04 10:49:05,2023-10-04 14:49:05,30.0
8322.0,Corey,Johnson,management,F,1993-06-10,2023-10-03 23:13:56,2023-10-04 00:43:56,90.0
2481.0,Jennifer,Wilkins,UST,F,2006-09-10,2023-10-04 12:27:37,2023-10-04 13:57:37,30.0
3862.0,Christine,Coleman,influencer,F,1994-02-13,2023-10-04 03:27:40,2023-10-04 06:27:40,150.0
6235.0,Donald,Meyer,influencer,M,1980-08-21,2023-10-03 21:36:43,2023-10-04 01:36:43,210.0
6340.0,James,Cox,BPO,F,1973-02-03,2023-10-04 01:47:31,2023-10-04 03:17:31,60.0
7426.0,Christopher,Mcdaniel,teacher,M,1982-11-08,2023-10-04 04:59:33,2023-10-04 09:59:33,270.0
7843.0,Jordan,Berry,OTHER,F,2000-07-02,2023-10-04 14:47:25,2023-10-04 16:17:25,30.0
1310.0,Michael,Johnson,FEU,M,2008-07-12,2023-10-04 09:34:44,2023-10-04 13:34:44,120.0
3673.0,Richard,Rodriguez,BPO,M,1996-11-29,2023-10-04 02:34:31,2023-10-04 03:34:31,30.0
3957.0,Jennifer,Camacho,management,M,1994-03-11,2023-10-03 20:23:44,2023-10-04 00:23:44,210.0
9593.0,Anthony,Roy,BPO,M,1986-11-29,2023-10-03 16:05:36,2023-10-03 20:05:36,60.0
6867.0,John,Johnson,OTHER,F,2006-09-25,2023-10-04 09:08:07,2023-10-04 10:08:07,60.0
1908.0,Elizabeth,Ward,teacher,M,1998-07-07,2023-10-03 21:29:23,2023-10-04 00:29:23,30.0
4945.0,Anne,King,UST,F,2000-12-30,2023-10-04 00:05:17,2023-10-04 03:05:17,30.0
6655.0,Nathan,Jenkins,UST,F,2003-11-27,2023-10-04 00:04:55,2023-10-04 05:04:55,60.0
7296.0,Brandon,Price,management,M,1993-05-29,2023-10-04 02:13:00,2023-10-04 05:13:00,30.0
6257.0,Rachel,Green,TIP,M,2003-02-17,2023-10-04 04:41:53,2023-10-04 05:41:53,60.0
1182.0,Robert,Jones,BPO,M,1984-01-30,2023-10-04 02:55:55,2023-10-04 07:55:55,150.0
6869.0,Jennifer,Williams,software engineer,F,1987-08-14,2023-10-04 00:18:41,2023-10-04 02:18:41,30.0
4984.0,Patricia,Wagner,teacher,M,1977-03-03,2023-10-04 12:47:37,2023-10-04 15:47:37,90.0
3830.0,Gregory,Peterson,UST,M,2000-01-12,2023-10-04 11:59:11,2023-10-04 13:59:11,30.0
5543.0,Megan,Woods,TIP,F,1999-03-26,2023-10-03 16:34:32,2023-10-03 19:34:32,60.0
6762.0,Christine,Craig,lawyer,F,1992-06-27,2023-10-04 08:27:07,2023-10-04 12:27:07,90.0
1044.0,Edward,Tucker,management,M,1984-08-24,2023-10-03 20:15:22,2023-10-03 22:15:22,30.0
2055.0,Alyssa,Fuller,influencer,M,1980-03-31,2023-10-04 01:52:53,2023-10-04 07:52:53,30.0
5629.0,Denise,Wright,UST,M,2006-12-14,2023-10-04 04:11:26,2023-10-04 06:11:26,30.0
6632.0,Natalie,Alexander,UST,F,2002-07-22,2023-10-04 14:32:17,2023-10-04 15:32:17,60.0
2493.0,Alexa,Odom,UST,M,2003-05-11,2023-10-04 14:41:27,2023-10-04 19:41:27,300.0
5712.0,William,Jones,OTHER,M,2008-05-23,2023-10-04 01:17:31,2023-10-04 02:17:31,60.0
4755.0,Stephen,Wilson,UST,M,1999-08-22,2023-10-04 05:52:01,2023-10-04 10:52:01,240.0
8163.0,Lisa,Carr,BPO,M,1981-12-02,2023-10-03 20:01:03,2023-10-03 22:01:03,90.0
1859.0,April,Mcintosh,FEU,M,1999-08-01,2023-10-04 04:12:38,2023-10-04 05:12:38,60.0
2267.0,Michael,Taylor,OTHER,F,2008-07-22,2023-10-04 05:18:42,2023-10-04 06:18:42,30.0
6169.0,Jennifer,Parker,UST,M,2005-01-06,2023-10-04 09:41:27,2023-10-04 12:41:27,30.0
,,,UST,F,2001-05-30,2023-10-03 22:07:38,2023-10-04 00:07:38,
1159.0,Laura,Burgess,UST,F,2002-08-16,2023-10-03 16:42:18,2023-10-03 18:42:18,30.0
5072.0,Pamela,Brock,OTHER,F,2002-06-27,2023-10-04 07:12:28,2023-10-04 09:12:28,30.0
6909.0,Tamara,Campbell,lawyer,F,1982-07-08,2023-10-03 16:16:41,2023-10-03 19:16:41,30.0
9393.0,Kimberly,Mckenzie,OTHER,F,2003-12-12,2023-10-03 20:19:59,2023-10-03 21:49:59,60.0
,,,AdU,F,1998-12-02,2023-10-04 04:55:01,2023-10-04 06:55:01,
,,,FEU,M,2006-01-30,2023-10-04 12:27:45,2023-10-04 15:27:45,
1070.0,Julia,Maxwell,OTHER,M,2008-01-14,2023-10-04 11:42:23,2023-10-04 14:42:23,150.0
,,,FEU,F,2000-07-22,2023-10-04 05:53:46,2023-10-04 08:53:46,
6731.0,John,Smith,BPO,F,1973-07-09,2023-10-04 06:07:45,2023-10-04 08:07:45,30.0
1160.0,Jennifer,Collins,UST,M,2003-03-21,2023-10-04 06:51:56,2023-10-04 09:51:56,30.0
7038.0,William,Collins,UST,M,2001-08-03,2023-10-03 18:03:29,2023-10-03 20:03:29,60.0
1343.0,Peter,Kim,teacher,M,1984-01-04,2023-10-04 10:02:53,2023-10-04 11:32:53,30.0
6327.0,Wendy,Clarke,UST,M,2007-11-18,2023-10-04 04:55:26,2023-10-04 09:55:26,180.0
7435.0,Rebecca,Harrison,teacher,M,1977-06-23,2023-10-03 20:27:21,2023-10-04 00:27:21,180.0
1503.0,Andrew,Sanchez,FEU,M,1999-12-10,2023-10-04 07:10:37,2023-10-04 09:10:37,30.0
4567.0,Jonathan,Sanchez,FEU,M,2005-04-14,2023-10-04 13:00:39,2023-10-04 17:00:39,60.0
7863.0,David,Wilson,UST,M,2007-02-15,2023-10-04 04:57:35,2023-10-04 05:57:35,30.0
5120.0,Charles,Johnson,BPO,M,1998-01-01,2023-10-04 01:04:44,2023-10-04 07:04:44,30.0
5742.0,Patrick,Jones,OTHER,M,1999-02-26,2023-10-03 23:44:55,2023-10-04 05:44:55,30.0
9141.0,Valerie,Murphy,TIP,F,1999-08-24,2023-10-04 07:45:20,2023-10-04 09:15:20,30.0
4166.0,Brittany,Willis,OTHER,F,2006-08-05,2023-10-04 09:00:21,2023-10-04 10:30:21,90.0
3066.0,Matthew,Bryan,influencer,F,1973-07-02,2023-10-03 16:29:09,2023-10-03 20:29:09,150.0
7624.0,Misty,Wilson,OTHER,M,2003-12-12,2023-10-03 20:22:02,2023-10-04 01:22:02,30.0
4930.0,Angela,Watson,BPO,F,1982-11-18,2023-10-04 05:32:36,2023-10-04 08:32:36,30.0
7701.0,Brandy,Riley,teacher,F,1997-10-16,2023-10-03 21:07:43,2023-10-04 01:07:43,120.0
5868.0,Jeffrey,Gonzalez,lawyer,F,1983-04-22,2023-10-04 07:24:18,2023-10-04 09:24:18,90.0
8468.0,John,Murray,UST,M,2005-12-02,2023-10-04 04:10:55,2023-10-04 06:10:55,30.0
6363.0,Sandy,Garcia,OTHER,M,2006-12-21,2023-10-04 10:46:22,2023-10-04 15:46:22,60.0
5776.0,Alyssa,Shepard,nurse,M,1989-08-07,2023-10-04 12:32:21,2023-10-04 17:32:21,60.0
7864.0,Jacqueline,Myers,FEU,M,2000-06-17,2023-10-04 12:01:37,2023-10-04 15:01:37,60.0
7120.0,Stuart,Harvey,UST,M,2006-08-25,2023-10-04 01:21:51,2023-10-04 04:21:51,60.0
4148.0,Kelly,Peck,doctor,F,1984-08-30,2023-10-03 17:21:24,2023-10-03 19:21:24,30.0
4250.0,Jessica,Williams,UST,F,2007-09-02,2023-10-04 10:09:54,2023-10-04 14:09:54,30.0
9304.0,Carlos,Lopez,BPO,M,1986-09-28,2023-10-03 21:04:15,2023-10-04 01:04:15,30.0
5644.0,Jennifer,Anderson,BPO,F,1987-10-14,2023-10-03 21:32:24,2023-10-04 00:32:24,30.0
5991.0,Carol,Villa,influencer,F,1993-10-24,2023-10-03 20:42:36,2023-10-03 23:42:36,30.0
2483.0,Marie,Wilson,teacher,F,1976-09-29,2023-10-04 15:29:51,2023-10-04 18:29:51,150.0
8668.0,Julie,Foster,OTHER,F,2005-04-18,2023-10-04 08:59:53,2023-10-04 09:59:53,60.0
5536.0,Andrew,Gamble,doctor,M,1983-02-04,2023-10-04 03:34:40,2023-10-04 04:34:40,30.0
2241.0,Mark,Bradley,FEU,F,2003-01-31,2023-10-03 18:11:58,2023-10-03 23:11:58,90.0
3327.0,Tony,Rogers,AdU,F,2005-02-16,2023-10-04 08:15:13,2023-10-04 11:15:13,120.0
7278.0,Monica,Morgan,lawyer,F,1997-03-17,2023-10-04 12:19:27,2023-10-04 17:19:27,300.0
6067.0,Amy,Carter,TIP,F,2003-04-20,2023-10-04 03:19:27,2023-10-04 06:19:27,60.0
6019.0,Russell,Burns,management,M,1980-04-04,2023-10-04 07:32:11,2023-10-04 12:32:11,60.0
3704.0,Travis,Thomas,OTHER,M,2004-09-25,2023-10-03 22:53:24,2023-10-04 02:53:24,60.0
1510.0,Paul,Thomas,UST,M,2001-12-10,2023-10-04 07:35:17,2023-10-04 09:35:17,30.0
5951.0,Aaron,Day,FEU,M,2006-02-24,2023-10-04 05:20:10,2023-10-04 10:20:10,30.0
1953.0,Daniel,Freeman,UST,F,2003-03-17,2023-10-04 07:34:13,2023-10-04 08:34:13,30.0
8563.0,Cassandra,Webb,UST,F,2000-04-17,2023-10-04 08:06:12,2023-10-04 14:06:12,240.0
7981.0,Christopher,Greer,OTHER,M,2006-05-28,2023-10-04 06:55:03,2023-10-04 10:55:03,30.0
3101.0,Alexandra,Norris,lawyer,F,1993-01-24,2023-10-04 09:35:06,2023-10-04 12:35:06,90.0
1743.0,Tyler,Hughes,lawyer,F,1984-10-30,2023-10-04 02:53:26,2023-10-04 04:23:26,30.0
5392.0,Benjamin,Owens,software engineer,M,1991-03-05,2023-10-04 13:53:14,2023-10-04 17:53:14,150.0
9106.0,Kelly,Nielsen,BPO,M,1978-03-14,2023-10-03 20:14:32,2023-10-03 21:14:32,30.0
3822.0,Robert,Oconnor,software engineer,M,1975-05-15,2023-10-04 02:19:15,2023-10-04 05:19:15,150.0
5954.0,Brandon,Foster,BPO,F,1997-07-05,2023-10-04 07:59:58,2023-10-04 13:59:58,30.0
1551.0,Kristine,Harding,OTHER,F,1999-04-24,2023-10-03 20:23:26,2023-10-04 01:23:26,30.0
6133.0,Andrew,Reed,AdU,M,2003-01-22,2023-10-04 05:28:58,2023-10-04 09:28:58,30.0
5944.0,Elizabeth,Thompson,BPO,M,1976-04-30,2023-10-03 21:31:27,2023-10-03 22:31:27,30.0
9932.0,Larry,Cowan,nurse,M,1986-02-15,2023-10-04 12:15:36,2023-10-04 17:15:36,150.0
3403.0,Donald,Smith,teacher,F,1992-12-17,2023-10-04 03:32:27,2023-10-04 05:32:27,90.0
6723.0,Audrey,Wright,UST,M,2000-07-28,2023-10-04 13:36:10,2023-10-04 18:36:10,270.0
5437.0,Shane,Martinez,nurse,F,1977-03-12,2023-10-03 19:37:24,2023-10-03 22:37:24,120.0
1243.0,Tiffany,Smith,BPO,F,1998-05-23,2023-10-03 20:57:33,2023-10-03 22:57:33,30.0
4731.0,Emily,Vaughan,UST,F,2000-12-16,2023-10-04 09:53:17,2023-10-04 13:53:17,30.0
2878.0,Paul,Martin,UST,M,2007-09-18,2023-10-04 07:48:15,2023-10-04 08:48:15,30.0
7389.0,Allen,Thompson,OTHER,F,2006-02-28,2023-10-04 07:39:14,2023-10-04 09:09:14,60.0
1345.0,Bonnie,Jimenez,software engineer,M,1982-11-06,2023-10-04 02:08:16,2023-10-04 06:08:16,30.0
9558.0,Richard,Williams,AdU,M,2000-04-03,2023-10-04 02:13:08,2023-10-04 03:13:08,30.0
5803.0,Clinton,Guerrero,doctor,F,1981-05-12,2023-10-03 18:28:53,2023-10-03 22:28:53,240.0
6647.0,Ryan,Johnson,BPO,M,1995-12-16,2023-10-04 12:41:05,2023-10-04 13:41:05,60.0
5572.0,Jessica,Cervantes,OTHER,M,2006-06-12,2023-10-04 12:59:52,2023-10-04 16:59:52,150.0
3543.0,Michael,Perez,lawyer,F,1979-04-10,2023-10-04 11:39:17,2023-10-04 13:39:17,30.0
3560.0,Chad,Perez,OTHER,M,2005-01-27,2023-10-04 14:20:36,2023-10-04 15:50:36,30.0
3165.0,Melissa,Miles,management,F,1992-10-08,2023-10-04 02:04:00,2023-10-04 03:34:00,30.0
5487.0,Eric,Waters,lawyer,M,1978-02-14,2023-10-04 09:59:24,2023-10-04 10:59:24,30.0
7338.0,Ronald,Sweeney,OTHER,M,2002-11-09,2023-10-04 04:33:45,2023-10-04 08:33:45,30.0
6662.0,Andrew,Woodward,FEU,F,2001-06-15,2023-10-04 12:04:24,2023-10-04 15:04:24,180.0
4476.0,Stephanie,Beard,BPO,M,1980-08-18,2023-10-04 07:30:19,2023-10-04 10:30:19,90.0
4327.0,Brandon,Weaver,UST,F,2004-04-17,2023-10-04 00:41:40,2023-10-04 03:41:40,180.0
8014.0,Debra,Wood,BPO,F,1974-03-14,2023-10-04 10:26:54,2023-10-04 13:26:54,120.0
2321.0,Paul,Hall,BPO,F,1973-05-18,2023-10-04 03:22:58,2023-10-04 04:52:58,90.0
4909.0,Tammy,Chambers,OTHER,F,2008-02-01,2023-10-03 20:06:49,2023-10-04 00:06:49,30.0
9984.0,Adam,Graham,management,M,1996-04-21,2023-10-04 00:30:04,2023-10-04 05:30:04,90.0
4232.0,Jennifer,Stephens,software engineer,F,1995-03-20,2023-10-03 20:27:36,2023-10-04 01:27:36,30.0
7841.0,Jeffrey,Obrien,AdU,M,2007-03-13,2023-10-03 23:33:22,2023-10-04 03:33:22,30.0
5461.0,Melissa,Sheppard,BPO,M,1989-05-28,2023-10-03 17:27:57,2023-10-03 18:57:57,60.0
2946.0,Danny,Baker,UST,M,1998-12-23,2023-10-04 07:26:51,2023-10-04 12:26:51,120.0
,,,nurse,M,1974-07-12,2023-10-03 18:03:15,2023-10-03 23:03:15,
1912.0,Denise,Cooper,TIP,F,2000-11-07,2023-10-03 22:27:21,2023-10-04 02:27:21,30.0
8174.0,Norman,Rowland,TIP,F,2000-12-29,2023-10-04 10:52:04,2023-10-04 12:22:04,90.0
6551.0,Robert,Allen,BPO,F,1989-01-11,2023-10-03 21:47:28,2023-10-04 03:47:28,150.0
1478.0,Kristin,Nelson,UST,M,1999-08-25,2023-10-03 22:04:59,2023-10-04 01:04:59,60.0
5523.0,Benjamin,Kane,BPO,F,1993-12-06,2023-10-04 05:05:58,2023-10-04 06:35:58,60.0
9963.0,Madeline,Allen,BPO,M,1990-11-19,2023-10-03 17:41:08,2023-10-03 21:41:08,60.0
4836.0,Andrew,Marshall,BPO,F,1986-07-12,2023-10-04 06:03:14,2023-10-04 10:03:14,120.0
5814.0,Patricia,Williams,UST,F,2004-11-04,2023-10-04 08:30:32,2023-10-04 12:30:32,60.0
3751.0,Bruce,Williams,software engineer,M,1995-03-30,2023-10-04 04:35:25,2023-10-04 06:35:25,30.0
,,,UST,M,2001-08-04,2023-10-04 01:39:15,2023-10-04 05:39:15,
6059.0,Rebecca,Marshall,UST,M,2004-12-28,2023-10-03 19:21:19,2023-10-03 22:21:19,30.0
6793.0,Linda,Parker,UST,F,1999-09-23,2023-10-04 03:35:14,2023-10-04 06:35:14,90.0
9324.0,Kimberly,Moon,UST,M,2002-07-19,2023-10-03 18:23:41,2023-10-03 20:23:41,120.0
1967.0,Mark,Crane,BPO,F,1997-08-03,2023-10-04 04:46:15,2023-10-04 07:46:15,150.0
2206.0,Jamie,Garcia,BPO,M,1980-01-08,2023-10-04 05:42:41,2023-10-04 09:42:41,210.0
,,,management,F,1976-02-25,2023-10-03 19:13:04,2023-10-03 22:13:04,
2672.0,Jennifer,Miranda,OTHER,M,2001-09-09,2023-10-03 19:34:19,2023-10-04 00:34:19,120.0
7328.0,William,Jensen,UST,F,2002-06-12,2023-10-03 21:27:39,2023-10-03 22:57:39,30.0
5772.0,Megan,Mora,OTHER,M,2001-07-11,2023-10-04 01:38:09,2023-10-04 06:38:09,180.0
2132.0,Cynthia,Chavez,influencer,F,1983-01-18,2023-10-04 11:55:36,2023-10-04 13:55:36,90.0
2896.0,Michelle,Becker,TIP,F,2000-03-14,2023-10-04 05:33:51,2023-10-04 09:33:51,30.0
6664.0,Alejandro,Ramos,UST,M,2007-01-20,2023-10-04 07:39:52,2023-10-04 09:39:52,30.0
5892.0,Megan,Young,TIP,M,2006-08-14,2023-10-04 14:25:51,2023-10-04 15:55:51,60.0
6603.0,Jennifer,Tanner,OTHER,M,2008-05-20,2023-10-04 00:31:51,2023-10-04 02:31:51,30.0
4087.0,Justin,Stokes,OTHER,F,2007-01-23,2023-10-03 16:05:53,2023-10-03 21:05:53,150.0
9543.0,Destiny,Ford,BPO,F,1982-04-29,2023-10-04 08:52:53,2023-10-04 10:22:53,60.0
1279.0,Wyatt,Jones,AdU,F,2002-01-04,2023-10-04 09:49:48,2023-10-04 15:49:48,30.0
2870.0,David,Martinez,AdU,M,2003-04-25,2023-10-04 10:50:02,2023-10-04 12:50:02,30.0
,,,software engineer,F,1978-10-19,2023-10-04 03:27:13,2023-10-04 09:27:13,
6655.0,Christopher,Anderson,BPO,M,1986-01-01,2023-10-03 19:06:01,2023-10-03 21:06:01,30.0
8472.0,Samantha,Mcdowell,management,F,1993-01-02,2023-10-03 16:28:06,2023-10-03 19:28:06,60.0
9825.0,Leah,Kidd,OTHER,F,1999-06-03,2023-10-03 22:33:48,2023-10-04 02:33:48,30.0
8896.0,Richard,Marshall,UST,M,1999-05-16,2023-10-03 19:15:14,2023-10-03 22:15:14,180.0
4374.0,Angela,Duffy,BPO,F,1992-10-05,2023-10-04 03:11:37,2023-10-04 05:11:37,60.0
6573.0,Brian,Romero,doctor,F,1973-12-27,2023-10-04 07:15:50,2023-10-04 09:15:50,90.0
9230.0,Timothy,Lewis,teacher,M,1996-04-11,2023-10-04 01:37:13,2023-10-04 05:37:13,30.0
4049.0,Brittany,Francis,UST,F,2003-10-25,2023-10-04 00:32:32,2023-10-04 04:32:32,150.0
1545.0,Andrea,Duarte,UST,F,2005-01-21,2023-10-04 15:47:38,2023-10-04 17:47:38,30.0
6945.0,Brett,Joseph,BPO,M,1976-02-29,2023-10-03 19:13:08,2023-10-03 22:13:08,30.0
1966.0,Elizabeth,Jackson,OTHER,M,2002-12-11,2023-10-04 07:40:26,2023-10-04 11:40:26,30.0
7815.0,Ronald,Guzman,TIP,M,2004-04-19,2023-10-03 18:51:52,2023-10-03 20:51:52,90.0
5471.0,Lindsay,Harris,OTHER,M,2000-04-02,2023-10-04 04:43:41,2023-10-04 07:43:41,180.0
3903.0,Mary,Brennan,UST,F,2002-08-09,2023-10-04 05:48:54,2023-10-04 08:48:54,30.0
4783.0,Joshua,Goodwin,OTHER,F,2002-11-11,2023-10-03 20:08:48,2023-10-04 02:08:48,330.0
6470.0,Erica,Beard,AdU,F,2007-05-05,2023-10-03 18:48:36,2023-10-03 21:48:36,150.0
9697.0,Amanda,Williams,lawyer,F,1986-02-04,2023-10-04 00:29:23,2023-10-04 03:29:23,180.0
9199.0,Laura,Henson,FEU,M,2006-09-08,2023-10-03 22:54:17,2023-10-03 23:54:17,30.0
5055.0,Amanda,Stephens,TIP,M,1999-08-19,2023-10-04 07:10:06,2023-10-04 08:40:06,30.0
3942.0,Johnny,Ortiz,BPO,M,1998-05-11,2023-10-03 18:41:41,2023-10-03 20:41:41,30.0
9666.0,Thomas,Rice,OTHER,F,2005-12-12,2023-10-04 10:42:55,2023-10-04 15:42:55,30.0
5555.0,Brian,Jackson,TIP,M,2002-03-25,2023-10-04 11:00:25,2023-10-04 15:00:25,30.0
9699.0,Kevin,Jones,UST,F,2002-05-05,2023-10-04 06:08:00,2023-10-04 10:08:00,60.0
9891.0,Richard,Robinson,influencer,F,1995-03-02,2023-10-04 02:13:24,2023-10-04 07:13:24,210.0
7918.0,Shari,Trevino,FEU,F,2003-05-25,2023-10-04 10:01:29,2023-10-04 12:01:29,60.0
7293.0,Amanda,Butler,OTHER,F,2003-09-24,2023-10-03 17:17:31,2023-10-03 19:17:31,120.0
6522.0,Charles,Moss,OTHER,F,1999-10-26,2023-10-03 22:55:13,2023-10-04 01:55:13,120.0
5036.0,Allison,Collier,UST,F,2006-09-22,2023-10-04 00:26:57,2023-10-04 02:26:57,120.0
1065.0,Deanna,Hayes,doctor,F,1983-01-02,2023-10-03 16:37:29,2023-10-03 18:37:29,60.0
4014.0,Danielle,Perez,UST,F,2005-09-09,2023-10-04 10:10:18,2023-10-04 13:10:18,90.0
2447.0,Denise,Bradley,UST,F,1999-02-16,2023-10-03 22:02:26,2023-10-04 01:02:26,90.0
9935.0,Darlene,Combs,software engineer,F,1984-06-29,2023-10-04 07:43:49,2023-10-04 09:13:49,90.0
,,,UST,M,1999-01-16,2023-10-04 04:45:41,2023-10-04 06:15:41,
1826.0,Daniel,Thornton,BPO,F,1985-06-15,2023-10-04 05:03:31,2023-10-04 07:03:31,30.0
5931.0,Shawn,Proctor,OTHER,F,2005-10-01,2023-10-03 20:40:02,2023-10-03 23:40:02,90.0
,,,OTHER,M,2004-06-13,2023-10-03 17:18:31,2023-10-03 22:18:31,
1431.0,Jennifer,Jackson,BPO,F,1989-05-16,2023-10-04 01:00:06,2023-10-04 04:00:06,30.0
6667.0,Andrea,Pugh,UST,F,2000-04-23,2023-10-03 20:46:26,2023-10-03 21:46:26,60.0
6646.0,Miranda,Carter,FEU,M,2006-08-18,2023-10-03 18:19:29,2023-10-03 23:19:29,120.0
3960.0,Jeremy,Marshall,OTHER,M,2003-03-05,2023-10-04 04:12:32,2023-10-04 10:12:32,60.0
9622.0,Linda,Vasquez,lawyer,F,1988-03-17,2023-10-04 07:03:44,2023-10-04 11:03:44,90.0
8232.0,Tiffany,Reed,nurse,F,1984-01-21,2023-10-04 11:02:30,2023-10-04 12:32:30,90.0
3186.0,Willie,Stevens,lawyer,F,1993-11-16,2023-10-04 12:24:18,2023-10-04 17:24:18,60.0
3049.0,Barbara,Rivers,UST,M,2003-08-17,2023-10-04 05:19:38,2023-10-04 10:19:38,150.0
2968.0,Megan,Evans,OTHER,M,2002-07-12,2023-10-04 08:12:35,2023-10-04 10:12:35,30.0
2900.0,Emily,Jacobs,FEU,F,2005-06-24,2023-10-04 04:35:52,2023-10-04 06:05:52,60.0
7011.0,Benjamin,Travis,UST,F,1999-05-04,2023-10-03 21:28:06,2023-10-04 00:28:06,120.0
6950.0,Thomas,Green,BPO,F,1977-11-25,2023-10-03 19:03:53,2023-10-03 22:03:53,30.0
9596.0,Megan,Reed,TIP,F,2000-01-31,2023-10-03 19:19:30,2023-10-04 01:19:30,90.0
7909.0,Richard,Johnson,OTHER,F,2008-03-28,2023-10-03 21:53:07,2023-10-04 01:53:07,30.0
6066.0,Kelli,Hernandez,UST,F,2003-01-12,2023-10-04 03:13:53,2023-10-04 04:13:53,30.0
7405.0,Jennifer,Smith,OTHER,M,2003-09-01,2023-10-04 02:44:00,2023-10-04 07:44:00,60.0
5045.0,Jonathan,Jones,UST,M,2005-02-23,2023-10-04 06:05:06,2023-10-04 10:05:06,30.0
9970.0,Pamela,Gonzales,OTHER,M,2000-08-05,2023-10-03 16:58:40,2023-10-03 21:58:40,30.0
5605.0,Mark,Beck,FEU,M,2002-01-09,2023-10-04 09:18:24,2023-10-04 14:18:24,120.0
6868.0,Laurie,Hill,AdU,M,2003-01-29,2023-10-04 11:00:41,2023-10-04 13:00:41,60.0
3561.0,Stephen,Potts,OTHER,F,2002-11-03,2023-10-03 21:57:38,2023-10-03 23:57:38,30.0
8911.0,Paula,Myers,teacher,M,1990-12-03,2023-10-03 21:35:10,2023-10-04 00:35:10,90.0
8035.0,Lauren,Anderson,doctor,F,1982-03-11,2023-10-03 20:32:54,2023-10-04 00:32:54,30.0
3278.0,Stephen,Richardson,OTHER,F,2005-04-06,2023-10-03 18:29:00,2023-10-03 21:29:00,180.0
2120.0,Rebecca,Cardenas,UST,F,2002-11-22,2023-10-03 19:43:54,2023-10-03 20:43:54,30.0
1341.0,Renee,Ewing,TIP,F,2007-08-15,2023-10-04 14:39:51,2023-10-04 16:09:51,90.0
3603.0,Sara,Cortez,UST,M,2008-09-07,2023-10-04 14:10:49,2023-10-04 15:40:49,60.0
9763.0,Daniel,Dickerson,UST,F,2000-01-24,2023-10-03 17:56:58,2023-10-03 20:56:58,60.0
9276.0,Gwendolyn,Jacobs,influencer,F,1991-10-16,2023-10-04 06:49:03,2023-10-04 08:49:03,30.0
5810.0,Arthur,Griffin,UST,F,2007-10-01,2023-10-04 14:48:34,2023-10-04 18:48:34,60.0
7122.0,Gregory,Higgins,UST,M,2003-12-03,2023-10-04 13:00:44,2023-10-04 15:00:44,30.0
9849.0,Brian,Buchanan,OTHER,M,2001-12-18,2023-10-04 05:18:00,2023-10-04 07:18:00,120.0
8848.0,Kevin,Davis,OTHER,F,1999-10-14,2023-10-04 10:16:41,2023-10-04 15:16:41,270.0
6827.0,Jeffery,Butler,UST,M,2001-05-18,2023-10-04 00:44:46,2023-10-04 06:44:46,30.0
1827.0,Matthew,Miller,nurse,F,1990-04-26,2023-10-03 21:15:02,2023-10-04 00:15:02,150.0
5389.0,Bradley,Gonzalez,UST,F,2008-03-29,2023-10-04 11:40:34,2023-10-04 16:40:34,90.0
7290.0,Holly,Collins,nurse,F,1995-03-23,2023-10-03 17:31:05,2023-10-03 20:31:05,60.0
4274.0,Angela,Nguyen,FEU,M,2006-05-08,2023-10-03 21:32:15,2023-10-04 00:32:15,30.0
4545.0,Gabrielle,Perkins,software engineer,M,1975-12-04,2023-10-03 23:28:33,2023-10-04 04:28:33,180.0
2457.0,Caroline,Wallace,FEU,F,2008-08-20,2023-10-03 21:59:09,2023-10-03 22:59:09,30.0
1490.0,Jonathan,Rosales,BPO,F,1979-12-31,2023-10-04 13:54:54,2023-10-04 15:24:54,30.0
,,,management,M,1988-10-08,2023-10-04 08:29:07,2023-10-04 12:29:07,
9969.0,Benjamin,Hernandez,BPO,M,1982-11-26,2023-10-03 19:03:16,2023-10-03 23:03:16,180.0
2767.0,Nancy,Curry,TIP,M,1999-11-25,2023-10-04 12:04:47,2023-10-04 15:04:47,60.0
5425.0,Jared,Lambert,BPO,M,1993-05-19,2023-10-03 19:35:51,2023-10-03 23:35:51,30.0
2590.0,Derek,Sims,AdU,M,1999-05-12,2023-10-03 20:36:50,2023-10-04 02:36:50,30.0
5900.0,Jerry,Simpson,AdU,M,2002-09-18,2023-10-04 05:13:01,2023-10-04 08:13:01,60.0
9196.0,Anthony,James,management,M,1983-07-09,2023-10-04 09:45:20,2023-10-04 13:45:20,120.0
1565.0,Abigail,Parker,BPO,F,1975-10-19,2023-10-03 23:24:32,2023-10-04 01:24:32,90.0
2408.0,Jason,Lin,UST,F,1999-07-17,2023-10-03 19:21:19,2023-10-03 23:21:19,150.0
8310.0,Jennifer,Mclaughlin,doctor,F,1978-02-17,2023-10-03 17:12:51,2023-10-03 22:12:51,150.0
4509.0,Patricia,Alvarez,BPO,F,1980-11-09,2023-10-04 00:22:04,2023-10-04 01:52:04,90.0
8768.0,Tracy,Massey,OTHER,F,2000-01-02,2023-10-03 22:18:11,2023-10-03 23:18:11,60.0
1329.0,Elizabeth,Jones,BPO,F,1988-09-30,2023-10-04 01:40:27,2023-10-04 05:40:27,60.0
2657.0,Frank,Gibson,software engineer,F,1979-01-23,2023-10-04 09:50:14,2023-10-04 13:50:14,240.0
1585.0,Timothy,Baker,BPO,F,1994-06-15,2023-10-04 09:01:28,2023-10-04 11:01:28,30.0
3417.0,Tina,Franklin,UST,M,2008-01-04,2023-10-03 21:08:08,2023-10-04 01:08:08,30.0
1195.0,Michael,Roth,UST,M,1998-10-23,2023-10-04 13:12:10,2023-10-04 17:12:10,30.0
6413.0,Brandon,Jones,doctor,F,1979-09-29,2023-10-04 07:25:30,2023-10-04 08:55:30,30.0
4105.0,Christopher,Johnston,UST,M,2000-06-08,2023-10-04 04:01:36,2023-10-04 05:31:36,30.0
6893.0,Matthew,Edwards,TIP,F,2000-01-01,2023-10-03 19:01:30,2023-10-03 21:01:30,30.0
1060.0,Matthew,Roberson,influencer,F,1983-04-12,2023-10-04 07:58:09,2023-10-04 10:58:09,150.0
9480.0,Terri,Hunt,influencer,M,1991-05-24,2023-10-04 05:45:06,2023-10-04 07:45:06,30.0
,,,OTHER,F,2007-07-22,2023-10-04 10:32:11,2023-10-04 13:32:11,
4218.0,Charles,Ramos,UST,F,2004-06-10,2023-10-04 13:54:12,2023-10-04 16:54:12,120.0
7769.0,Joel,Andrade,UST,F,1998-12-21,2023-10-04 05:53:16,2023-10-04 07:53:16,90.0
4012.0,Bradley,Stark,OTHER,M,2004-08-22,2023-10-04 13:16:51,2023-10-04 19:16:51,30.0
3836.0,Amy,Myers,teacher,M,1973-10-02,2023-10-04 11:48:55,2023-10-04 13:48:55,60.0
,,,TIP,M,2000-04-19,2023-10-04 03:48:28,2023-10-04 05:18:28,
1789.0,Joseph,Smith,software engineer,M,1985-07-14,2023-10-04 14:50:10,2023-10-04 16:50:10,90.0
3373.0,Chelsea,Cunningham,BPO,M,1994-03-15,2023-10-04 02:25:57,2023-10-04 04:25:57,60.0
,,,management,M,1975-12-07,2023-10-04 12:58:12,2023-10-04 17:58:12,
9884.0,Samantha,Dean,UST,M,2006-03-16,2023-10-04 09:26:21,2023-10-04 14:26:21,30.0
5292.0,Jackson,Johnson,nurse,F,1997-04-21,2023-10-03 22:38:12,2023-10-04 02:38:12,150.0
8785.0,Johnathan,Lucas,UST,M,1999-01-09,2023-10-04 11:57:05,2023-10-04 14:57:05,60.0
6061.0,Christian,Hamilton,UST,F,2002-03-16,2023-10-04 09:17:20,2023-10-04 14:17:20,120.0
3221.0,Jessica,Lee,UST,F,2001-03-14,2023-10-04 01:59:25,2023-10-04 05:59:25,30.0
2054.0,Kristin,Jensen,BPO,M,1998-02-25,2023-10-04 06:44:57,2023-10-04 08:14:57,60.0
1340.0,Judy,Washington,UST,M,2003-09-21,2023-10-04 07:30:23,2023-10-04 10:30:23,30.0
9173.0,Danielle,Jimenez,BPO,F,1977-05-08,2023-10-04 11:45:25,2023-10-04 13:15:25,90.0
1270.0,Kimberly,Miller,UST,M,2007-04-29,2023-10-04 11:50:59,2023-10-04 15:50:59,60.0
4250.0,Teresa,Gutierrez,doctor,M,1978-08-13,2023-10-04 12:08:40,2023-10-04 17:08:40,60.0
6533.0,James,Torres,OTHER,F,2007-12-04,2023-10-04 13:33:47,2023-10-04 14:33:47,30.0
5747.0,James,Dennis,influencer,F,1993-06-25,2023-10-04 00:28:51,2023-10-04 01:28:51,30.0
2625.0,Elizabeth,Malone,FEU,M,2006-12-02,2023-10-03 23:00:20,2023-10-04 05:00:20,30.0
7101.0,Timothy,Aguirre,teacher,F,1992-02-23,2023-10-03 18:02:26,2023-10-03 21:02:26,60.0
3797.0,Anthony,Mcdonald,BPO,F,1981-07-12,2023-10-04 00:03:59,2023-10-04 01:33:59,30.0
2806.0,Sarah,Mitchell,BPO,F,1993-03-18,2023-10-04 11:52:58,2023-10-04 17:52:58,300.0
5497.0,Robert,Lane,software engineer,F,1998-09-24,2023-10-03 21:09:03,2023-10-04 03:09:03,90.0
4767.0,Kimberly,Shields,management,M,1987-11-16,2023-10-04 03:20:06,2023-10-04 08:20:06,150.0
4458.0,Patricia,Taylor,BPO,M,1974-12-01,2023-10-03 21:58:52,2023-10-04 00:58:52,30.0
6120.0,William,Hernandez,FEU,M,1999-03-05,2023-10-04 10:48:36,2023-10-04 14:48:36,90.0
9295.0,Robert,Vega,UST,F,2000-08-20,2023-10-04 07:03:41,2023-10-04 13:03:41,30.0
9270.0,Travis,Owens,BPO,M,1994-10-05,2023-10-04 11:43:50,2023-10-04 16:43:50,210.0
3891.0,Gary,Elliott,BPO,M,1993-06-04,2023-10-04 06:56:09,2023-10-04 07:56:09,30.0
6113.0,Martin,Leach,teacher,M,1997-07-01,2023-10-03 17:00:31,2023-10-03 18:00:31,30.0
5379.0,Randy,Roth,teacher,F,1984-02-15,2023-10-04 08:34:29,2023-10-04 09:34:29,30.0
5862.0,Katie,Huber,UST,M,2004-05-16,2023-10-03 17:52:16,2023-10-03 19:22:16,30.0
4479.0,Mary,Dixon,TIP,M,2008-01-03,2023-10-03 23:15:38,2023-10-04 02:15:38,30.0
4152.0,Diane,Moore,UST,M,1999-01-28,2023-10-04 01:11:59,2023-10-04 06:11:59,120.0
1846.0,Zachary,Cobb,influencer,M,1976-10-11,2023-10-03 21:31:09,2023-10-04 01:31:09,120.0
7977.0,James,Henderson,doctor,F,1989-07-13,2023-10-04 06:01:15,2023-10-04 10:01:15,210.0
8900.0,Thomas,Hurst,software engineer,F,1994-12-15,2023-10-03 17:17:51,2023-10-03 20:17:51,180.0
1571.0,Ruth,Levine,OTHER,M,2002-12-24,2023-10-04 04:36:54,2023-10-04 07:36:54,150.0
2505.0,Jessica,Day,UST,M,2008-08-15,2023-10-04 14:04:37,2023-10-04 17:04:37,30.0
7567.0,Erica,Thomas,TIP,F,2006-11-10,2023-10-04 13:35:12,2023-10-04 16:35:12,30.0
7920.0,Sharon,Howell,BPO,F,1983-11-11,2023-10-04 13:16:27,2023-10-04 15:16:27,30.0
1475.0,Kristin,Thompson,TIP,M,2006-07-24,2023-10-03 22:07:34,2023-10-03 23:37:34,60.0
5837.0,Joshua,Kane,lawyer,F,1981-08-25,2023-10-03 16:29:33,2023-10-03 17:59:33,90.0
1203.0,Michelle,Hernandez,BPO,M,1996-07-10,2023-10-04 13:58:26,2023-10-04 16:58:26,30.0
4543.0,Adam,Branch,BPO,M,1979-10-31,2023-10-04 15:15:15,2023-10-04 18:15:15,60.0
3794.0,Anthony,Mcgee,doctor,M,1996-08-22,2023-10-03 18:10:33,2023-10-03 21:10:33,120.0
,,,AdU,F,2006-08-14,2023-10-04 01:28:51,2023-10-04 02:58:51,
3859.0,Daniel,Gross,OTHER,M,1998-12-02,2023-10-04 03:38:54,2023-10-04 06:38:54,30.0
8596.0,Melissa,Allen,BPO,M,1993-02-03,2023-10-04 15:00:38,2023-10-04 16:30:38,60.0
1530.0,Ryan,Gomez,teacher,F,1976-09-03,2023-10-03 18:31:15,2023-10-03 23:31:15,60.0
8633.0,Steven,Grant,BPO,F,1993-03-12,2023-10-04 08:53:46,2023-10-04 14:53:46,300.0
1043.0,Amanda,Mcfarland,AdU,M,2000-05-01,2023-10-03 21:47:36,2023-10-03 22:47:36,60.0
8123.0,Sara,Contreras,teacher,F,1981-12-27,2023-10-03 16:47:25,2023-10-03 22:47:25,60.0
6963.0,Elizabeth,Steele,teacher,F,1979-08-01,2023-10-03 17:42:53,2023-10-03 18:42:53,30.0
3232.0,Felicia,Stout,AdU,M,2005-04-15,2023-10-04 04:07:20,2023-10-04 07:07:20,150.0
6122.0,Cody,Johnston,UST,F,2003-06-15,2023-10-04 00:38:02,2023-10-04 02:38:02,30.0
5441.0,Jack,Mitchell,influencer,F,1977-07-12,2023-10-03 21:11:26,2023-10-03 23:11:26,30.0
9742.0,Carol,Boone,OTHER,M,2001-09-25,2023-10-04 03:18:52,2023-10-04 04:48:52,30.0
8050.0,David,Munoz,influencer,M,1978-11-20,2023-10-04 14:27:17,2023-10-04 18:27:17,30.0
5622.0,Timothy,Alvarado,BPO,F,1988-07-22,2023-10-03 21:12:51,2023-10-04 02:12:51,90.0
2260.0,Angela,Stewart,BPO,M,1978-12-20,2023-10-03 23:01:06,2023-10-04 05:01:06,30.0
9195.0,Larry,Singh,UST,M,2005-11-04,2023-10-04 03:56:26,2023-10-04 09:56:26,30.0
7335.0,Daniel,Fisher,nurse,M,1986-05-06,2023-10-04 05:52:52,2023-10-04 11:52:52,90.0
4366.0,Colton,Peterson,UST,F,2003-06-19,2023-10-03 19:32:40,2023-10-03 22:32:40,60.0
5884.0,David,Maynard,TIP,M,2001-01-24,2023-10-04 00:52:47,2023-10-04 03:52:47,60.0
1901.0,Elizabeth,Wright,OTHER,F,2007-07-28,2023-10-04 13:05:07,2023-10-04 15:05:07,30.0
2254.0,Peter,Weber,doctor,M,1984-11-11,2023-10-04 15:21:33,2023-10-04 19:21:33,90.0
7734.0,Michael,Silva,OTHER,F,1999-09-27,2023-10-03 17:08:07,2023-10-03 22:08:07,30.0
6013.0,Bethany,Montoya,doctor,M,1996-09-11,2023-10-04 11:45:52,2023-10-04 15:45:52,30.0
2127.0,Alyssa,Davis,OTHER,M,2001-12-21,2023-10-04 14:49:17,2023-10-04 16:49:17,120.0
7718.0,Patricia,Donaldson,BPO,M,1990-12-26,2023-10-04 07:06:25,2023-10-04 12:06:25,30.0
1731.0,Cheryl,Vargas,BPO,F,1988-08-23,2023-10-04 07:32:22,2023-10-04 10:32:22,30.0
4702.0,Ashley,Medina,OTHER,F,2007-10-31,2023-10-03 16:47:32,2023-10-03 19:47:32,60.0
8680.0,Alicia,Barnett,BPO,M,1978-06-02,2023-10-04 08:45:23,2023-10-04 09:45:23,60.0
1839.0,Jacob,Smith,software engineer,M,1986-07-07,2023-10-03 19:29:51,2023-10-03 20:29:51,30.0
7158.0,Joseph,Washington,BPO,F,1993-10-19,2023-10-04 12:25:11,2023-10-04 17:25:11,120.0
6445.0,Kaitlyn,Ross,OTHER,M,2008-02-08,2023-10-04 13:15:13,2023-10-04 15:15:13,60.0
4680.0,Joseph,Gonzalez,lawyer,F,1978-10-31,2023-10-04 08:21:25,2023-10-04 10:21:25,30.0
2175.0,Samantha,Townsend,UST,F,2000-12-21,2023-10-04 10:06:45,2023-10-04 14:06:45,60.0
9719.0,Casey,Greene,AdU,F,2001-01-24,2023-10-04 01:13:54,2023-10-04 06:13:54,270.0
7500.0,Shannon,Willis,AdU,F,1999-08-29,2023-10-03 20:21:18,2023-10-03 21:51:18,30.0
6665.0,Danielle,Brown,lawyer,M,1998-01-03,2023-10-04 14:34:40,2023-10-04 17:34:40,30.0
3498.0,Eddie,Farmer,UST,F,1999-11-18,2023-10-04 15:08:10,2023-10-04 20:08:10,30.0
2185.0,Mary,Simpson,OTHER,M,2005-03-04,2023-10-04 08:43:34,2023-10-04 12:43:34,30.0
8050.0,Roy,Mcgee,UST,M,2000-06-11,2023-10-03 21:55:55,2023-10-03 23:25:55,30.0
4868.0,Deanna,Moody,BPO,M,1979-02-13,2023-10-04 14:47:42,2023-10-04 19:47:42,60.0
6764.0,Kathleen,Castro,software engineer,M,1988-10-26,2023-10-04 04:57:22,2023-10-04 07:57:22,30.0
4450.0,Brittany,Rosales,UST,F,2006-11-28,2023-10-04 07:34:33,2023-10-04 09:04:33,30.0
6851.0,Rachel,Brown,FEU,F,2007-12-21,2023-10-04 12:28:58,2023-10-04 15:28:58,60.0
5037.0,Robert,Wyatt,TIP,F,2007-11-27,2023-10-04 12:29:05,2023-10-04 16:29:05,60.0
9124.0,Penny,Luna,AdU,F,2006-10-22,2023-10-04 05:32:27,2023-10-04 06:32:27,30.0
5198.0,Scott,Martin,OTHER,F,2007-06-20,2023-10-04 13:29:44,2023-10-04 15:29:44,60.0
1596.0,Paul,Eaton,UST,F,2002-03-18,2023-10-03 17:21:17,2023-10-03 22:21:17,270.0
7836.0,Natalie,Spears,UST,F,1999-11-15,2023-10-04 13:41:04,2023-10-04 18:41:04,30.0
4909.0,Luis,Deleon,TIP,M,2006-06-03,2023-10-04 11:24:35,2023-10-04 14:24:35,60.0
,,,BPO,M,1987-04-22,2023-10-04 14:45:28,2023-10-04 17:45:28,
,,,FEU,F,2007-07-02,2023-10-04 07:52:42,2023-10-04 10:52:42,
4726.0,Lee,Phelps,OTHER,M,1999-11-21,2023-10-04 11:18:38,2023-10-04 12:18:38,30.0
5047.0,Charlotte,Moore,UST,M,2002-09-26,2023-10-04 09:30:27,2023-10-04 15:30:27,180.0
5601.0,Frederick,Butler,OTHER,F,2005-06-29,2023-10-04 15:37:41,2023-10-04 20:37:41,60.0
9792.0,Robert,Willis,OTHER,F,1999-06-02,2023-10-03 19:00:20,2023-10-03 23:00:20,30.0
2000.0,Daniel,Diaz,BPO,F,1974-07-25,2023-10-04 08:47:34,2023-10-04 11:47:34,150.0
1304.0,Brandi,Pope,UST,M,2002-12-10,2023-10-03 19:17:59,2023-10-03 22:17:59,90.0
6406.0,Timothy,Woods,UST,F,2006-12-20,2023-10-03 22:44:41,2023-10-03 23:44:41,30.0
7004.0,Jason,Craig,TIP,M,2002-10-22,2023-10-03 18:28:56,2023-10-03 22:28:56,210.0
4675.0,Terry,Smith,AdU,M,1998-10-22,2023-10-03 16:59:59,2023-10-03 20:59:59,60.0
1209.0,Jenna,Ferguson,BPO,M,1995-09-16,2023-10-03 20:27:54,2023-10-04 00:27:54,30.0
3414.0,Danny,Copeland,lawyer,F,1996-04-01,2023-10-04 08:51:02,2023-10-04 13:51:02,30.0
8115.0,Walter,Mills,teacher,F,1978-08-13,2023-10-04 14:50:51,2023-10-04 18:50:51,60.0
4239.0,Wesley,Neal,TIP,M,2008-03-03,2023-10-04 07:15:03,2023-10-04 09:15:03,30.0
9769.0,Mark,Sanford,TIP,F,2007-07-29,2023-10-04 06:33:39,2023-10-04 08:33:39,90.0
2966.0,James,Clay,software engineer,F,1986-07-12,2023-10-03 20:25:24,2023-10-04 01:25:24,30.0
8695.0,Kyle,Williams,lawyer,F,1993-03-06,2023-10-03 17:09:23,2023-10-03 19:09:23,30.0
6772.0,Angela,Perry,OTHER,F,2001-10-29,2023-10-04 13:03:13,2023-10-04 16:03:13,30.0
4399.0,Karen,Mitchell,influencer,M,1985-02-04,2023-10-04 03:33:43,2023-10-04 05:03:43,60.0
1952.0,Suzanne,Griffin,UST,M,2003-02-19,2023-10-04 03:59:51,2023-10-04 07:59:51,60.0
1768.0,Tina,Smith,OTHER,F,2008-09-10,2023-10-04 10:04:30,2023-10-04 13:04:30,30.0
7905.0,Mark,Black,UST,M,2006-03-30,2023-10-04 06:25:00,2023-10-04 07:55:00,60.0
5302.0,Emma,Lopez,UST,M,2001-01-31,2023-10-04 05:31:52,2023-10-04 09:31:52,30.0
3575.0,Amy,Torres,FEU,M,2005-05-12,2023-10-04 02:27:49,2023-10-04 06:27:49,120.0
7679.0,Rachel,Carroll,OTHER,F,2003-01-07,2023-10-03 21:15:14,2023-10-03 23:15:14,30.0
5698.0,Nathaniel,Coffey,BPO,M,1990-08-14,2023-10-04 04:18:06,2023-10-04 10:18:06,120.0
8651.0,Jimmy,Esparza,UST,M,2005-07-07,2023-10-03 22:57:25,2023-10-03 23:57:25,30.0
6950.0,Gloria,Young,lawyer,M,1990-01-02,2023-10-04 11:25:31,2023-10-04 15:25:31,30.0
1961.0,Victoria,Burton,OTHER,F,2004-07-05,2023-10-04 11:52:39,2023-10-04 16:52:39,60.0
3793.0,Michael,Graham,doctor,F,1983-03-29,2023-10-04 08:28:24,2023-10-04 09:58:24,90.0
8222.0,Matthew,Juarez,UST,F,2004-01-10,2023-10-04 06:57:40,2023-10-04 10:57:40,30.0
7557.0,Mary,Bean,UST,M,2007-02-02,2023-10-03 22:03:21,2023-10-04 00:03:21,120.0
5504.0,John,English,UST,F,2008-03-26,2023-10-04 11:01:35,2023-10-04 13:01:35,30.0
2026.0,Ronald,Young,OTHER,F,2003-11-09,2023-10-04 01:15:29,2023-10-04 06:15:29,120.0
7493.0,Joseph,Schultz,UST,M,2000-02-25,2023-10-04 06:00:58,2023-10-04 10:00:58,60.0
8296.0,David,Smith,software engineer,M,1985-03-19,2023-10-04 12:28:24,2023-10-04 15:28:24,30.0
5682.0,Robert,Walker,management,F,1979-12-14,2023-10-04 12:46:53,2023-10-04 16:46:53,30.0
3716.0,Steven,Booth,OTHER,M,2000-05-12,2023-10-04 01:01:43,2023-10-04 06:01:43,60.0
1320.0,Colin,Montgomery,AdU,M,1998-12-19,2023-10-04 03:21:36,2023-10-04 08:21:36,150.0
9486.0,Elizabeth,Herring,OTHER,F,2003-07-29,2023-10-04 00:29:59,2023-10-04 06:29:59,30.0
,,,lawyer,M,1974-11-09,2023-10-04 08:56:59,2023-10-04 13:56:59,
5343.0,Jacob,Rose,BPO,F,1977-08-31,2023-10-04 08:38:21,2023-10-04 12:38:21,90.0
6361.0,Anne,Murphy,teacher,M,1977-10-17,2023-10-04 14:19:15,2023-10-04 17:19:15,30.0
4705.0,Joshua,Nguyen,management,F,1996-01-03,2023-10-03 16:52:13,2023-10-03 18:52:13,30.0
4707.0,Kelsey,Dominguez,FEU,M,2004-07-22,2023-10-04 00:48:02,2023-10-04 04:48:02,30.0
1358.0,Valerie,Martin,BPO,M,1973-12-09,2023-10-03 20:47:06,2023-10-03 21:47:06,30.0
5396.0,Christopher,Morris,teacher,M,1988-09-14,2023-10-04 13:05:39,2023-10-04 14:05:39,30.0
2699.0,Barbara,Smith,software engineer,F,1981-03-18,2023-10-04 06:49:11,2023-10-04 11:49:11,150.0
6946.0,John,Martinez,lawyer,M,1983-02-20,2023-10-03 22:41:28,2023-10-04 02:41:28,240.0
8811.0,Steven,Johnson,UST,F,2001-11-16,2023-10-04 13:01:06,2023-10-04 14:01:06,30.0
8766.0,Vanessa,Hurst,UST,F,2005-06-21,2023-10-04 15:41:49,2023-10-04 17:41:49,60.0
3240.0,Brandon,Banks,AdU,F,2004-12-04,2023-10-03 23:23:58,2023-10-04 03:23:58,60.0
4811.0,Erin,Moreno,influencer,F,1992-09-24,2023-10-03 20:41:31,2023-10-03 23:41:31,180.0
1407.0,Miranda,Mendoza,OTHER,F,2003-08-09,2023-10-04 08:46:18,2023-10-04 12:46:18,30.0
5099.0,Andrew,Carter,teacher,F,1988-02-01,2023-10-03 17:51:21,2023-10-03 22:51:21,120.0
5274.0,Holly,Perry,OTHER,M,2008-05-28,2023-10-04 11:24:40,2023-10-04 15:24:40,30.0
,,,OTHER,F,2004-03-14,2023-10-04 02:57:10,2023-10-04 07:57:10,
7942.0,William,Martinez,BPO,M,1973-02-27,2023-10-03 22:43:24,2023-10-04 00:43:24,60.0
1318.0,David,Spencer,BPO,F,1996-02-20,2023-10-04 09:10:58,2023-10-04 13:10:58,60.0
5248.0,Yolanda,Robles,teacher,F,1990-03-23,2023-10-04 02:59:39,2023-10-04 04:59:39,120.0
3388.0,Clayton,Simon,software engineer,M,1977-05-05,2023-10-03 16:25:29,2023-10-03 20:25:29,30.0
8526.0,Cathy,Reyes,OTHER,F,2004-12-03,2023-10-04 11:43:54,2023-10-04 12:43:54,30.0
9161.0,Anthony,Lynch,FEU,F,2005-04-19,2023-10-03 16:40:19,2023-10-03 18:10:19,30.0
6570.0,Michael,Kelly,UST,F,1999-05-04,2023-10-04 14:34:08,2023-10-04 18:34:08,30.0
8301.0,Charles,Green,UST,F,2002-10-13,2023-10-04 10:50:41,2023-10-04 12:20:41,60.0
4622.0,Tiffany,Harris,UST,F,2002-01-22,2023-10-04 06:54:15,2023-10-04 11:54:15,30.0
5008.0,Tyler,Brooks,influencer,M,1984-04-21,2023-10-03 18:51:38,2023-10-03 21:51:38,30.0
3273.0,Erica,Romero,OTHER,F,2003-01-16,2023-10-03 16:28:29,2023-10-03 20:28:29,30.0
4643.0,Sarah,Velasquez,BPO,M,1980-02-12,2023-10-03 16:58:00,2023-10-03 18:28:00,30.0
9222.0,Steven,Kidd,AdU,F,1999-02-02,2023-10-04 15:46:31,2023-10-04 20:46:31,30.0
1745.0,Jeffery,Walls,OTHER,F,1999-05-15,2023-10-04 12:02:35,2023-10-04 14:02:35,90.0
9522.0,Diane,Khan,teacher,F,1998-03-30,2023-10-04 07:22:58,2023-10-04 12:22:58,120.0
2079.0,Natasha,Alvarado,software engineer,M,1982-09-14,2023-10-03 19:05:49,2023-10-03 21:05:49,90.0
4851.0,Dawn,Pierce,BPO,M,1979-04-10,2023-10-03 19:19:22,2023-10-03 21:19:22,60.0
1373.0,Chad,Valdez,UST,M,2001-02-03,2023-10-03 23:58:20,2023-10-04 05:58:20,60.0
8913.0,Philip,Mendez,OTHER,F,2006-07-17,2023-10-03 16:21:58,2023-10-03 20:21:58,180.0
4167.0,Brittney,Hill,TIP,F,2004-12-20,2023-10-04 07:23:59,2023-10-04 12:23:59,120.0
1774.0,Theresa,Powers,management,M,1979-10-02,2023-10-04 11:07:24,2023-10-04 12:37:24,90.0
8406.0,William,Ramirez,AdU,M,2005-09-23,2023-10-03 22:33:32,2023-10-04 02:33:32,30.0
2016.0,Carl,Jones,BPO,M,1978-10-17,2023-10-04 09:24:34,2023-10-04 10:54:34,30.0
6482.0,Craig,Chase,AdU,M,2002-06-29,2023-10-03 23:19:10,2023-10-04 00:49:10,60.0
8087.0,Jonathan,Rubio,UST,F,2001-08-18,2023-10-04 10:26:14,2023-10-04 11:26:14,60.0
5898.0,Christina,Freeman,OTHER,M,2000-07-25,2023-10-04 08:57:40,2023-10-04 10:57:40,90.0
8008.0,Victoria,Davis,teacher,M,1975-04-25,2023-10-03 17:36:48,2023-10-03 21:36:48,60.0
3953.0,Ashley,Lopez,BPO,F,1989-06-19,2023-10-04 10:07:30,2023-10-04 14:07:30,90.0
3439.0,William,Ramirez,influencer,F,1985-06-19,2023-10-04 07:37:19,2023-10-04 10:37:19,30.0
,,,AdU,F,2002-09-29,2023-10-04 10:20:18,2023-10-04 15:20:18,
2560.0,Dana,Richardson,doctor,M,1993-12-20,2023-10-03 21:15:24,2023-10-03 22:15:24,30.0
,,,AdU,F,2000-01-24,2023-10-04 07:44:27,2023-10-04 12:44:27,
7782.0,Jonathan,Williams,UST,M,2007-09-01,2023-10-04 13:10:14,2023-10-04 16:10:14,150.0
1805.0,Joanna,Martin,UST,M,2005-12-19,2023-10-03 16:07:37,2023-10-03 17:37:37,90.0
5867.0,Beverly,Suarez,teacher,M,1981-07-22,2023-10-04 08:23:44,2023-10-04 13:23:44,90.0
8024.0,Lori,Leon,FEU,F,2000-01-12,2023-10-04 05:17:01,2023-10-04 11:17:01,180.0
8070.0,Caitlin,Harper,UST,M,2003-08-08,2023-10-04 09:04:09,2023-10-04 13:04:09,150.0
6312.0,Thomas,Dunlap,UST,F,2005-11-23,2023-10-03 22:04:59,2023-10-04 03:04:59,300.0
7453.0,Benjamin,Moore,doctor,M,1980-12-24,2023-10-03 23:13:48,2023-10-04 01:13:48,90.0
,,,lawyer,M,1995-10-06,2023-10-04 08:35:41,2023-10-04 09:35:41,
5294.0,Trevor,Gould,management,M,1993-05-28,2023-10-04 15:43:25,2023-10-04 18:43:25,60.0
2659.0,Alice,Villa,OTHER,M,1998-10-14,2023-10-04 15:23:02,2023-10-04 18:23:02,60.0
2118.0,Robert,Thompson,TIP,F,2003-09-03,2023-10-04 07:34:36,2023-10-04 11:34:36,90.0
1260.0,Joshua,Mathis,OTHER,F,2001-12-14,2023-10-04 13:25:56,2023-10-04 17:25:56,210.0
5558.0,Julie,Day,UST,M,2005-12-21,2023-10-04 01:26:55,2023-10-04 06:26:55,180.0
6901.0,Charles,Jones,UST,M,2005-03-09,2023-10-04 13:05:14,2023-10-04 15:05:14,30.0
4554.0,Pamela,Scott,software engineer,F,1987-12-03,2023-10-04 15:41:56,2023-10-04 21:41:56,60.0
5143.0,Summer,Mack,OTHER,M,2004-12-25,2023-10-04 08:40:49,2023-10-04 11:40:49,150.0
8066.0,John,Edwards,OTHER,F,2003-06-25,2023-10-04 03:31:57,2023-10-04 08:31:57,240.0
5740.0,Steven,Williams,OTHER,M,2001-07-25,2023-10-03 15:53:12,2023-10-03 17:23:12,90.0
9484.0,Kenneth,Skinner,BPO,M,1996-01-20,2023-10-04 03:42:10,2023-10-04 05:42:10,30.0
8514.0,John,Jones,management,F,1985-06-27,2023-10-04 02:39:13,2023-10-04 05:39:13,120.0
3186.0,Manuel,Johns,software engineer,F,1990-11-12,2023-10-04 03:00:33,2023-10-04 06:00:33,60.0
5128.0,Brian,Francis,UST,M,2004-12-12,2023-10-04 13:49:50,2023-10-04 16:49:50,30.0
9199.0,Jason,Hernandez,UST,F,2002-11-21,2023-10-03 19:23:32,2023-10-03 21:23:32,30.0
8528.0,Charlotte,Gomez,TIP,F,2008-06-06,2023-10-04 09:06:42,2023-10-04 11:06:42,30.0
6542.0,Sarah,Armstrong,doctor,F,1985-01-17,2023-10-03 19:15:43,2023-10-03 21:15:43,30.0
2370.0,Richard,Gray,UST,F,2004-08-31,2023-10-04 01:40:12,2023-10-04 06:40:12,210.0
2263.0,Michelle,Hodges,OTHER,M,2007-02-10,2023-10-03 23:41:39,2023-10-04 01:41:39,30.0
5667.0,Mary,Frey,UST,M,2008-02-24,2023-10-04 02:59:05,2023-10-04 05:59:05,60.0
1407.0,Evan,Jimenez,lawyer,M,1988-05-16,2023-10-04 04:48:28,2023-10-04 05:48:28,30.0
8458.0,Jennifer,Gentry,UST,M,2003-10-25,2023-10-04 01:12:58,2023-10-04 02:42:58,30.0
,,,OTHER,M,2004-05-22,2023-10-04 04:23:15,2023-10-04 08:23:15,
1272.0,Richard,Young,teacher,F,1993-10-30,2023-10-03 19:39:42,2023-10-04 00:39:42,30.0
,,,UST,F,2002-02-03,2023-10-03 16:36:04,2023-10-03 20:36:04,
3206.0,Andrea,Ho,UST,F,2001-08-30,2023-10-04 00:51:55,2023-10-04 03:51:55,60.0
2740.0,Christopher,Horn,TIP,F,2006-12-26,2023-10-04 06:22:14,2023-10-04 08:22:14,30.0
6763.0,Louis,Brown,influencer,M,1985-01-26,2023-10-04 07:16:34,2023-10-04 08:46:34,60.0
7848.0,Sarah,Curry,doctor,F,1996-12-12,2023-10-04 09:39:27,2023-10-04 13:39:27,30.0
5871.0,Carrie,Murphy,UST,M,1999-02-04,2023-10-04 14:24:28,2023-10-04 17:24:28,90.0
5502.0,Christopher,Schmidt,UST,F,1999-02-01,2023-10-04 15:19:06,2023-10-04 17:19:06,120.0
9339.0,Catherine,Hogan,management,M,1994-11-06,2023-10-04 08:29:57,2023-10-04 09:29:57,60.0
9991.0,Angela,Hughes,BPO,M,1986-01-18,2023-10-03 17:19:59,2023-10-03 21:19:59,60.0
8432.0,John,Walter,OTHER,F,2006-01-23,2023-10-04 14:34:28,2023-10-04 16:04:28,30.0
9413.0,Kimberly,Kent,BPO,M,1981-06-22,2023-10-04 00:27:15,2023-10-04 02:27:15,30.0
3377.0,Jessica,Caldwell,influencer,M,1998-03-14,2023-10-03 19:16:56,2023-10-03 23:16:56,90.0
9768.0,Ashley,Crawford,UST,M,2004-06-26,2023-10-04 09:45:12,2023-10-04 12:45:12,30.0
4582.0,Denise,Williams,teacher,F,1985-02-22,2023-10-04 02:36:56,2023-10-04 04:06:56,60.0
5684.0,Chelsea,Holmes,BPO,F,1997-07-29,2023-10-03 19:20:47,2023-10-03 20:20:47,30.0
1760.0,Robert,Brooks,OTHER,F,2003-06-08,2023-10-04 01:34:19,2023-10-04 03:34:19,90.0
5367.0,Steven,Coleman,UST,M,2006-10-10,2023-10-04 14:12:25,2023-10-04 19:12:25,30.0
4061.0,Whitney,Knight,software engineer,M,1985-12-01,2023-10-03 19:40:11,2023-10-04 01:40:11,30.0
8994.0,Keith,Clark,UST,F,2007-11-07,2023-10-04 04:53:17,2023-10-04 07:53:17,30.0
5565.0,Amy,Wright,software engineer,F,1991-09-01,2023-10-04 02:18:16,2023-10-04 06:18:16,30.0
5943.0,Sharon,Kelley,UST,M,2002-11-28,2023-10-03 23:04:40,2023-10-04 02:04:40,150.0
3497.0,Victoria,Lyons,BPO,F,1984-11-21,2023-10-04 05:37:47,2023-10-04 09:37:47,90.0
6905.0,Nicholas,Jones,OTHER,M,2004-12-29,2023-10-04 08:10:52,2023-10-04 10:10:52,30.0
1441.0,William,Clark,OTHER,M,2000-05-30,2023-10-03 17:30:06,2023-10-03 19:00:06,30.0
,,,teacher,M,1979-09-21,2023-10-03 16:08:38,2023-10-03 22:08:38,
8257.0,Maria,Ayala,UST,M,2000-10-16,2023-10-04 09:13:55,2023-10-04 10:13:55,60.0
7176.0,Roger,Morris,software engineer,M,1991-02-26,2023-10-04 00:34:29,2023-10-04 03:34:29,60.0
4117.0,Steven,Dixon,influencer,M,1984-01-16,2023-10-04 07:00:20,2023-10-04 09:00:20,30.0
1829.0,Heather,Miles,BPO,M,1983-09-11,2023-10-04 10:55:49,2023-10-04 11:55:49,30.0
7260.0,Dwayne,Meadows,management,M,1973-05-15,2023-10-04 12:02:44,2023-10-04 16:02:44,90.0
6039.0,Kristi,Brown,UST,M,2006-10-20,2023-10-04 13:34:57,2023-10-04 15:04:57,60.0
5304.0,Justin,Petersen,OTHER,F,2008-04-05,2023-10-04 00:33:36,2023-10-04 05:33:36,90.0
2812.0,James,Newton,BPO,F,1997-06-19,2023-10-04 12:08:31,2023-10-04 16:08:31,180.0
3938.0,Deborah,Watson,BPO,F,1982-09-04,2023-10-03 21:32:17,2023-10-03 23:02:17,30.0
7443.0,Sarah,Hall,UST,M,2003-03-21,2023-10-04 12:12:51,2023-10-04 16:12:51,90.0
,,,OTHER,M,2003-04-16,2023-10-03 23:12:26,2023-10-04 00:42:26,
1861.0,Joshua,Smith,BPO,M,1994-11-19,2023-10-04 11:45:52,2023-10-04 14:45:52,30.0
7503.0,Joseph,Williams,UST,M,2005-04-03,2023-10-04 04:33:32,2023-10-04 05:33:32,60.0
2770.0,Tammy,Maxwell,UST,F,2004-04-22,2023-10-04 03:38:28,2023-10-04 07:38:28,120.0
9166.0,Angela,Holland,FEU,F,2000-07-13,2023-10-04 09:56:12,2023-10-04 13:56:12,60.0
7008.0,Lauren,Simon,OTHER,F,1999-04-10,2023-10-03 18:41:28,2023-10-03 20:41:28,30.0
7535.0,Thomas,Phillips,UST,F,2001-11-16,2023-10-04 13:51:06,2023-10-04 16:51:06,60.0
2395.0,Lisa,Collins,UST,M,2001-04-22,2023-10-04 01:00:08,2023-10-04 05:00:08,30.0
8034.0,Melanie,Hernandez,BPO,F,1986-04-24,2023-10-04 01:54:19,2023-10-04 04:54:19,30.0
6715.0,Joseph,Collins,UST,M,1999-08-03,2023-10-04 05:22:54,2023-10-04 09:22:54,90.0
9314.0,Cynthia,Bautista,lawyer,F,1992-12-31,2023-10-03 20:03:42,2023-10-03 21:03:42,60.0
4093.0,Kristina,Simpson,software engineer,F,1982-03-04,2023-10-03 19:16:39,2023-10-03 23:16:39,90.0
2227.0,Ricky,Johnson,OTHER,F,1999-08-22,2023-10-04 03:36:36,2023-10-04 05:36:36,60.0
2317.0,Matthew,Maddox,BPO,M,1973-06-15,2023-10-04 11:44:02,2023-10-04 15:44:02,240.0
2964.0,Lori,Townsend,management,F,1987-04-02,2023-10-04 02:32:03,2023-10-04 07:32:03,30.0
8189.0,Cassandra,Ho,management,M,1992-03-05,2023-10-04 06:08:04,2023-10-04 08:08:04,60.0
9512.0,James,Black,teacher,F,1989-01-24,2023-10-04 15:10:09,2023-10-04 17:10:09,90.0
9509.0,Joseph,May,software engineer,M,1988-12-08,2023-10-04 08:48:12,2023-10-04 10:18:12,60.0
9536.0,Dominic,Turner,UST,F,2000-10-03,2023-10-03 17:48:49,2023-10-03 21:48:49,180.0
6456.0,Jason,Larsen,UST,F,2003-11-25,2023-10-03 18:25:33,2023-10-03 23:25:33,30.0
5390.0,Melissa,Johnson,UST,M,2001-04-07,2023-10-04 04:28:30,2023-10-04 08:28:30,90.0
2732.0,Susan,Rivera,FEU,F,2000-11-17,2023-10-03 19:44:35,2023-10-03 22:44:35,60.0
3749.0,Amy,Murphy,FEU,M,2005-03-09,2023-10-04 00:20:16,2023-10-04 01:50:16,30.0
5214.0,Peter,James,BPO,F,1975-04-03,2023-10-03 19:43:52,2023-10-03 21:43:52,60.0
2431.0,Manuel,Alexander,BPO,M,1983-08-28,2023-10-04 05:13:14,2023-10-04 08:13:14,30.0
9202.0,Amanda,Barr,UST,M,2006-02-02,2023-10-04 08:44:23,2023-10-04 13:44:23,240.0
2365.0,Justin,Tyler,FEU,M,1998-12-04,2023-10-04 14:32:40,2023-10-04 18:32:40,90.0
5482.0,Thomas,Baker,UST,F,2005-11-06,2023-10-03 22:38:11,2023-10-04 01:38:11,90.0
7703.0,Bridget,Archer,UST,F,2007-11-17,2023-10-04 04:53:37,2023-10-04 08:53:37,240.0
7764.0,Calvin,Rojas,AdU,M,2000-02-23,2023-10-03 17:05:46,2023-10-03 18:35:46,30.0
6446.0,Victoria,Jackson,influencer,M,1983-11-01,2023-10-03 23:13:35,2023-10-04 03:13:35,60.0
3579.0,Cody,Stanley,software engineer,M,1976-06-29,2023-10-04 00:37:04,2023-10-04 06:37:04,270.0
1309.0,Kelly,Diaz,OTHER,F,2002-02-07,2023-10-04 07:42:53,2023-10-04 11:42:53,60.0
7937.0,Michael,Gibson,BPO,M,1993-10-24,2023-10-04 01:49:59,2023-10-04 04:49:59,30.0
2386.0,Robert,Wolf,OTHER,F,1999-02-28,2023-10-04 03:19:29,2023-10-04 05:19:29,30.0
,,,OTHER,M,2007-06-28,2023-10-04 04:55:32,2023-10-04 06:55:32,
1844.0,Douglas,Anderson,UST,F,2007-06-21,2023-10-04 11:33:22,2023-10-04 13:03:22,30.0
5566.0,Cynthia,Bartlett,OTHER,M,2007-04-30,2023-10-04 12:29:22,2023-10-04 15:29:22,60.0
9357.0,Frank,Burke,TIP,F,2006-03-03,2023-10-04 00:17:20,2023-10-04 05:17:20,90.0
4842.0,Marie,Calderon,UST,M,2001-01-27,2023-10-04 07:17:23,2023-10-04 10:17:23,90.0
3947.0,Caleb,Woodard,UST,M,2001-05-20,2023-10-03 15:53:10,2023-10-03 18:53:10,60.0
6538.0,Jason,Dalton,FEU,M,2003-10-14,2023-10-04 12:44:46,2023-10-04 16:44:46,30.0
1277.0,Jeremy,Allen,BPO,M,1983-04-21,2023-10-04 13:44:05,2023-10-04 15:44:05,30.0
2849.0,Mackenzie,Gutierrez,UST,F,1999-11-27,2023-10-03 19:12:02,2023-10-03 21:12:02,60.0
2389.0,Sara,Randall,software engineer,F,1986-11-26,2023-10-04 13:45:49,2023-10-04 15:45:49,90.0
2356.0,Benjamin,Thompson,FEU,F,2003-12-18,2023-10-04 00:56:57,2023-10-04 04:56:57,60.0
7274.0,David,Fowler,FEU,M,2000-04-06,2023-10-03 20:18:24,2023-10-04 00:18:24,30.0
2980.0,Bryan,Lewis,OTHER,M,2006-02-19,2023-10-04 05:12:19,2023-10-04 08:12:19,30.0
1082.0,Paul,Baker,AdU,F,2007-08-04,2023-10-03 17:07:44,2023-10-03 19:07:44,60.0
7943.0,Theresa,Maldonado,UST,M,2006-08-08,2023-10-04 07:45:35,2023-10-04 12:45:35,30.0
7031.0,Jeffrey,Burns,nurse,M,1975-06-23,2023-10-04 14:46:24,2023-10-04 18:46:24,180.0
4462.0,Daniel,Hodges,OTHER,M,2000-06-15,2023-10-04 04:49:20,2023-10-04 05:49:20,30.0
,,,OTHER,M,2005-11-16,2023-10-03 22:47:14,2023-10-04 01:47:14,
6077.0,Richard,Bonilla,UST,M,2004-08-22,2023-10-03 20:55:59,2023-10-03 22:25:59,30.0
7289.0,Lisa,Jones,BPO,F,1986-04-09,2023-10-04 00:23:56,2023-10-04 04:23:56,150.0
9274.0,Theresa,Owens,OTHER,F,2003-03-13,2023-10-03 17:05:18,2023-10-03 19:05:18,60.0
7315.0,Donna,Gardner,UST,F,2005-11-30,2023-10-03 22:09:52,2023-10-04 03:09:52,120.0
1238.0,Scott,Landry,UST,F,2000-12-30,2023-10-04 15:35:42,2023-10-04 18:35:42,120.0
7959.0,Mikayla,Arnold,UST,M,2001-09-19,2023-10-04 06:08:43,2023-10-04 11:08:43,60.0
7262.0,Matthew,Flores,BPO,M,1986-02-03,2023-10-04 08:40:55,2023-10-04 12:40:55,90.0
1197.0,Mary,Haley,software engineer,M,1978-02-26,2023-10-03 18:33:37,2023-10-04 00:33:37,270.0
4368.0,Jill,Rose,OTHER,M,1999-11-20,2023-10-04 01:49:54,2023-10-04 05:49:54,210.0
1637.0,Joshua,Watkins,UST,F,1999-01-14,2023-10-04 02:29:09,2023-10-04 03:59:09,30.0
8158.0,Allen,Morgan,FEU,F,2007-02-01,2023-10-04 02:42:00,2023-10-04 03:42:00,30.0
9531.0,Erika,Conley,OTHER,F,2004-06-20,2023-10-04 09:40:00,2023-10-04 11:10:00,90.0
7985.0,Karen,Blake,UST,F,2006-01-30,2023-10-04 11:29:26,2023-10-04 13:29:26,120.0
4276.0,Jessica,Collins,influencer,F,1998-05-05,2023-10-03 17:01:55,2023-10-03 20:01:55,150.0
5722.0,Lauren,Henderson,UST,M,2000-12-17,2023-10-04 08:05:49,2023-10-04 13:05:49,90.0
8438.0,Larry,Jones,UST,F,2000-02-20,2023-10-04 13:16:50,2023-10-04 15:16:50,30.0
7791.0,Bradley,Rose,OTHER,M,2007-06-27,2023-10-04 07:05:09,2023-10-04 08:35:09,30.0
5259.0,Mark,James,BPO,M,1985-01-07,2023-10-03 21:44:51,2023-10-03 23:44:51,120.0
6802.0,Anna,Shaw,OTHER,F,2003-06-19,2023-10-04 11:35:32,2023-10-04 13:35:32,30.0
5382.0,Alison,Schwartz,BPO,M,1993-09-11,2023-10-04 09:37:40,2023-10-04 14:37:40,120.0
8989.0,William,Weaver,lawyer,M,1989-02-23,2023-10-04 00:49:53,2023-10-04 05:49:53,30.0
2731.0,Robert,Copeland,teacher,M,1974-09-12,2023-10-04 11:40:00,2023-10-04 15:40:00,90.0
4664.0,Rebekah,Reeves,OTHER,M,2000-11-29,2023-10-03 22:13:13,2023-10-03 23:43:13,90.0
8913.0,Laurie,James,influencer,F,1992-12-13,2023-10-04 06:55:34,2023-10-04 11:55:34,180.0
9437.0,Brian,Hopkins,UST,M,2002-01-17,2023-10-04 04:51:56,2023-10-04 05:51:56,30.0
4580.0,Daniel,Giles,BPO,F,1991-06-09,2023-10-04 13:15:15,2023-10-04 17:15:15,30.0
4576.0,Jennifer,Morrison,management,F,1987-06-01,2023-10-04 05:26:41,2023-10-04 09:26:41,240.0
3047.0,Michelle,Sellers,BPO,M,1992-10-14,2023-10-03 23:42:00,2023-10-04 04:42:00,300.0
8916.0,Jocelyn,Brown,OTHER,F,2003-02-24,2023-10-03 17:24:12,2023-10-03 21:24:12,30.0
6480.0,Fernando,Davis,UST,M,2008-06-25,2023-10-04 03:52:16,2023-10-04 04:52:16,30.0
8692.0,Joseph,Mitchell,OTHER,F,2008-07-26,2023-10-04 15:33:35,2023-10-04 17:03:35,30.0
3521.0,Michelle,Torres,AdU,F,2005-11-03,2023-10-04 08:34:31,2023-10-04 13:34:31,30.0
1385.0,Lisa,Weaver,UST,M,2005-07-28,2023-10-03 18:39:46,2023-10-03 23:39:46,30.0
,,,BPO,F,1992-03-09,2023-10-03 18:30:54,2023-10-03 23:30:54,
,,,BPO,F,1977-04-01,2023-10-03 21:13:18,2023-10-03 23:13:18,
5501.0,Ryan,Holmes,management,M,1982-10-23,2023-10-04 15:25:39,2023-10-04 20:25:39,30.0
3994.0,Elizabeth,Collier,UST,F,2001-03-21,2023-10-04 11:22:33,2023-10-04 16:22:33,90.0
8635.0,Shirley,Fuentes,BPO,M,1978-05-18,2023-10-04 00:41:19,2023-10-04 05:41:19,90.0
3783.0,Michelle,Chan,OTHER,M,2002-03-01,2023-10-04 15:29:03,2023-10-04 19:29:03,60.0
5249.0,Sandra,Woods,UST,F,2007-06-13,2023-10-03 17:11:38,2023-10-03 21:11:38,30.0
6343.0,Stephanie,Robertson,UST,F,1999-11-17,2023-10-04 07:42:13,2023-10-04 08:42:13,30.0
6021.0,Rebecca,Sanchez,OTHER,M,2001-03-08,2023-10-03 18:58:48,2023-10-03 23:58:48,30.0
5840.0,Stephen,Flores,lawyer,M,1997-06-15,2023-10-04 02:52:42,2023-10-04 06:52:42,180.0
4297.0,David,Wood,OTHER,F,2004-10-02,2023-10-04 13:41:15,2023-10-04 18:41:15,120.0
8120.0,Joanna,Thornton,UST,F,1999-02-04,2023-10-03 19:37:29,2023-10-03 22:37:29,60.0
5498.0,Tristan,Bailey,UST,M,2005-12-21,2023-10-03 23:13:51,2023-10-04 04:13:51,60.0
6448.0,Christopher,Barry,UST,M,2000-02-10,2023-10-04 15:47:24,2023-10-04 19:47:24,30.0
